Species,Group,Period,WoP,WG,Name,Sex,Class,dInfant,Pregnant,Evidence,Comment
RT,R1,d,49,0.1,Antelope,Female,SF,,,,
RT,R1,d,50,0.2,Antelope,Female,SF,,,,
RT,R1,d,51,0.3,Antelope,Female,SF,,,,
RT,R1,d,52,0.4-0.5,Antelope,Female,SF,,,,
RT,R1,d,49,0.1,Buffalo,Female,AF,1,0,dInfant,
RT,R1,d,50,0.2,Buffalo,Female,AF,1,0,dInfant,
RT,R1,d,51,0.3,Buffalo,Female,AF,1,0,dInfant,
RT,R1,d,52,0.4-0.5,Buffalo,Female,AF,1,0,dInfant,
RT,R1,d,49,0.1,Bushbuck,Female,AF,0,,no data,
RT,R1,d,50,0.2,Bushbuck,Female,AF,0,,no data,
RT,R1,d,51,0.3,Bushbuck,Female,AF,0,,no data,
RT,R1,d,52,0.4-0.5,Bushbuck,Female,AF,0,,no data,
RT,R1,d,49,0.1,Donkey,Female,AF,0,1,inferred,
RT,R1,d,50,0.2,Donkey,Female,AF,0,1,inferred,
RT,R1,d,51,0.3,Donkey,Female,AF,0,1,E2 level,
RT,R1,d,52,0.4-0.5,Donkey,Female,AF,0,1,inferred,
RT,R1,d,49,0.1,Duiker,Female,AF,0,,no data,
RT,R1,d,50,0.2,Duiker,Female,AF,0,,no data,
RT,R1,d,51,0.3,Duiker,Female,AF,0,,no data,
RT,R1,d,52,0.4-0.5,Duiker,Female,AF,0,,no data,
RT,R1,d,49,0.1,Elephant,Male,AM,,,,
RT,R1,d,50,0.2,Elephant,Male,AM,,,,
RT,R1,d,51,0.3,Elephant,Male,AM,,,,
RT,R1,d,52,0.4-0.5,Elephant,Male,AM,,,,
RT,R1,d,49,0.1,Fox,Female,JV,,,,
RT,R1,d,50,0.2,Fox,Female,JV,,,,
RT,R1,d,51,0.3,Fox,Female,JV,,,,
RT,R1,d,52,0.4-0.5,Fox,Female,JV,,,,
RT,R1,d,49,0.1,Giraffe,Female,AF,1,0,dInfant,
RT,R1,d,50,0.2,Giraffe,Female,AF,1,0,dInfant,
RT,R1,d,51,0.3,Giraffe,Female,AF,1,0,dInfant,
RT,R1,d,52,0.4-0.5,Giraffe,Female,AF,1,0,dInfant,
RT,R1,d,49,0.1,Hippo,Female,AF,1,0,dInfant,
RT,R1,d,50,0.2,Hippo,Female,AF,1,0,dInfant,
RT,R1,d,51,0.3,Hippo,Female,AF,1,0,dInfant,
RT,R1,d,52,0.4-0.5,Hippo,Female,AF,1,0,dInfant,
RT,R1,d,49,0.1,Horse,Female,AF,0,1,birth,
RT,R1,d,50,0.2,Horse,Female,AF,0,1,birth,
RT,R1,d,51,0.3,Horse,Female,AF,0,1,birth,
RT,R1,d,52,0.4-0.5,Horse,Female,AF,1,0,dInfant,
RT,R1,d,49,0.1,Hyena,Female,AF,0,,no data,
RT,R1,d,50,0.2,Hyena,Female,AF,0,,no data,
RT,R1,d,51,0.3,Hyena,Female,AF,0,,no data,
RT,R1,d,52,0.4-0.5,Hyena,Female,AF,0,,no data,
RT,R1,d,49,0.1,Leopard,Female,AF,0,1,E2 level,
RT,R1,d,50,0.2,Leopard,Female,AF,0,1,E2 level,
RT,R1,d,51,0.3,Leopard,Female,AF,0,,no data,
RT,R1,d,52,0.4-0.5,Leopard,Female,AF,0,,no data,
RT,R1,d,49,0.1,Lion,Male,SM,,,,
RT,R1,d,50,0.2,Lion,Male,SM,,,,
RT,R1,d,51,0.3,Lion,Male,SM,,,,
RT,R1,d,52,0.4-0.5,Lion,Male,SM,,,,
RT,R1,d,49,0.1,Mamba,Female,JV,,,,
RT,R1,d,50,0.2,Mamba,Female,JV,,,,
RT,R1,d,51,0.3,Mamba,Female,JV,,,,
RT,R1,d,52,0.4-0.5,Mamba,Female,JV,,,,
RT,R1,d,49,0.1,Rat,Female,JV,,,,
RT,R1,d,50,0.2,Rat,Female,JV,,,,
RT,R1,d,51,0.3,Rat,Female,JV,,,,
RT,R1,d,52,0.4-0.5,Rat,Female,JV,,,,
RT,R1,d,49,0.1,Rhino,Female,AF,0,,no data,
RT,R1,d,50,0.2,Rhino,Female,AF,0,,no data,
RT,R1,d,51,0.3,Rhino,Female,AF,0,,no data,
RT,R1,d,52,0.4-0.5,Rhino,Female,AF,0,,no data,
RT,R1,d,49,0.1,Tiger,Female,AF,0,,no data,
RT,R1,d,50,0.2,Tiger,Female,AF,0,,no data,
RT,R1,d,51,0.3,Tiger,Female,AF,0,,no data,Tiger mates w/ Elephant
RT,R1,d,52,0.4-0.5,Tiger,Female,AF,0,,no data,
RT,R1,d,49,0.1,Wolf,Male,SM,,,,
RT,R1,d,50,0.2,Wolf,Male,SM,,,,
RT,R1,d,51,0.3,Wolf,Male,SM,,,,
RT,R1,d,52,0.4-0.5,Wolf,Male,SM,,,,
RT,R1,d,49,0.1,Zebra,Female,AF,0,1,inferred,
RT,R1,d,50,0.2,Zebra,Female,AF,0,1,E2 level,
RT,R1,d,51,0.3,Zebra,Female,AF,0,1,P4 levels,
RT,R1,d,52,0.4-0.5,Zebra,Female,AF,0,1,inferred,
RT,R1,f,63,1-2,Antelope,Female,SF,,,,
RT,R1,f,64,3,Antelope,Female,SF,,,,
RT,R1,f,65,4,Antelope,Female,SF,,,,
RT,R1,f,66,5,Antelope,Female,SF,,,,
RT,R1,f,67,6,Antelope,Female,SF,,,,
RT,R1,f,63,1-2,Buffalo,Female,AF,0,0,E2 level,
RT,R1,f,64,3,Buffalo,Female,AF,0,0,E2 level,
RT,R1,f,65,4,Buffalo,Female,AF,0,0,E2 level,
RT,R1,f,66,5,Buffalo,Female,AF,0,0,E2 level,
RT,R1,f,67,6,Buffalo,Female,AF,0,0,E2 level,
RT,R1,f,63,1-2,Bushbuck,Female,AF,0,0,E2 level,
RT,R1,f,64,3,Bushbuck,Female,AF,0,0,E2 level,
RT,R1,f,65,4,Bushbuck,Female,AF,0,0,E2 level,
RT,R1,f,66,5,Bushbuck,Female,AF,0,0,E2 level,
RT,R1,f,67,6,Bushbuck,Female,AF,0,0,E2 level,
RT,R1,f,63,1-2,Donkey,Female,AF,0,0,E2 level,
RT,R1,f,64,3,Donkey,Female,AF,0,0,E2 level,
RT,R1,f,65,4,Donkey,Female,AF,0,0,E2 level,
RT,R1,f,66,5,Donkey,Female,AF,0,0,E2 level,
RT,R1,f,67,6,Donkey,Female,AF,0,0,E2 level,
RT,R1,f,63,1-2,Duiker,Female,AF,0,0,E2 level,
RT,R1,f,64,3,Duiker,Female,AF,0,0,E2 level,
RT,R1,f,65,4,Duiker,Female,AF,0,0,E2 level,
RT,R1,f,66,5,Duiker,Female,AF,0,0,E2 level,
RT,R1,f,67,6,Duiker,Female,AF,0,0,E2 level,
RT,R1,f,63,1-2,Elephant,Male,AM,,,,
RT,R1,f,64,3,Elephant,Male,AM,,,,
RT,R1,f,65,4,Elephant,Male,AM,,,,
RT,R1,f,66,5,Elephant,Male,AM,,,,
RT,R1,f,67,6,Elephant,Male,AM,,,,
RT,R1,f,63,1-2,Fox,Female,JV,,,,
RT,R1,f,64,3,Fox,Female,JV,,,,
RT,R1,f,65,4,Fox,Female,JV,,,,
RT,R1,f,66,5,Fox,Female,JV,,,,
RT,R1,f,67,6,Fox,Female,JV,,,,
RT,R1,f,63,1-2,Giraffe,Female,AF,1,0,dInfant,
RT,R1,f,64,3,Giraffe,Female,AF,1,0,dInfant,
RT,R1,f,65,4,Giraffe,Female,AF,1,0,dInfant,
RT,R1,f,66,5,Giraffe,Female,AF,1,0,dInfant,
RT,R1,f,67,6,Giraffe,Female,AF,1,0,dInfant,
RT,R1,f,63,1-2,Hippo,Female,AF,0,0,E2 level,
RT,R1,f,64,3,Hippo,Female,AF,0,0,E2 level,
RT,R1,f,65,4,Hippo,Female,AF,0,0,E2 level,
RT,R1,f,66,5,Hippo,Female,AF,0,0,E2 level,
RT,R1,f,67,6,Hippo,Female,AF,0,0,E2 level,
RT,R1,f,63,1-2,Horse,Female,AF,1,0,dInfant,
RT,R1,f,64,3,Horse,Female,AF,1,0,dInfant,
RT,R1,f,65,4,Horse,Female,AF,1,0,dInfant,
RT,R1,f,66,5,Horse,Female,AF,1,0,dInfant,
RT,R1,f,67,6,Horse,Female,AF,1,0,dInfant,
RT,R1,f,63,1-2,Hyena,Female,AF,0,0,E2 level,
RT,R1,f,64,3,Hyena,Female,AF,0,0,E2 level,
RT,R1,f,65,4,Hyena,Female,AF,0,0,E2 level,
RT,R1,f,66,5,Hyena,Female,AF,0,0,E2 level,
RT,R1,f,67,6,Hyena,Female,AF,0,0,E2 level,
RT,R1,f,63,1-2,Leopard,Female,AF,0,0,E2 level,
RT,R1,f,64,3,Leopard,Female,AF,0,0,E2 level,
RT,R1,f,65,4,Leopard,Female,AF,0,0,E2 level,
RT,R1,f,66,5,Leopard,Female,AF,0,0,E2 level,
RT,R1,f,67,6,Leopard,Female,AF,0,0,E2 level,
RT,R1,f,63,1-2,Lion,Male,SM,,,,
RT,R1,f,64,3,Lion,Male,SM,,,,
RT,R1,f,65,4,Lion,Male,SM,,,,
RT,R1,f,66,5,Lion,Male,SM,,,,
RT,R1,f,67,6,Lion,Male,SM,,,,
RT,R1,f,63,1-2,Mamba,Female,JV,,,,
RT,R1,f,64,3,Mamba,Female,JV,,,,
RT,R1,f,65,4,Mamba,Female,JV,,,,
RT,R1,f,66,5,Mamba,Female,JV,,,,
RT,R1,f,67,6,Mamba,Female,JV,,,,
RT,R1,f,63,1-2,Rat,Female,JV,,,,
RT,R1,f,64,3,Rat,Female,JV,,,,
RT,R1,f,65,4,Rat,Female,JV,,,,
RT,R1,f,66,5,Rat,Female,JV,,,,
RT,R1,f,67,6,Rat,Female,JV,,,,
RT,R1,f,63,1-2,Rhino,Female,AF,1,0,dInfant,
RT,R1,f,64,3,Rhino,Female,AF,1,0,dInfant,
RT,R1,f,65,4,Rhino,Female,AF,1,0,dInfant,
RT,R1,f,66,5,Rhino,Female,AF,1,0,dInfant,
RT,R1,f,67,6,Rhino,Female,AF,1,0,dInfant,
RT,R1,f,63,1-2,Tiger,Female,AF,0,0,E2 level,
RT,R1,f,64,3,Tiger,Female,AF,0,0,E2 level,
RT,R1,f,65,4,Tiger,Female,AF,0,0,E2 level,
RT,R1,f,66,5,Tiger,Female,AF,0,0,E2 level,
RT,R1,f,67,6,Tiger,Female,AF,0,0,E2 level,
RT,R1,f,63,1-2,Wolf,Male,SM,,,,
RT,R1,f,64,3,Wolf,Male,SM,,,,
RT,R1,f,65,4,Wolf,Male,SM,,,,
RT,R1,f,66,5,Wolf,Male,SM,,,,
RT,R1,f,67,6,Wolf,Male,SM,,,,
RT,R1,f,63,1-2,Zebra,Female,AF,0,0,E2 level,
RT,R1,f,64,3,Zebra,Female,AF,0,0,E2 level,
RT,R1,f,65,4,Zebra,Female,AF,0,0,E2 level,
RT,R1,f,66,5,Zebra,Female,AF,0,0,E2 level,
RT,R1,f,67,6,Zebra,Female,AF,0,0,E2 level,
RT,R1,k,110,7,Antelope,Female,,,,,
RT,R1,k,111,8,Antelope,Female,,,,,
RT,R1,k,112,9,Antelope,Female,,,,,
RT,R1,k,113,10,Antelope,Female,,,,,
RT,R1,k,114,11,Antelope,Female,,,,,
RT,R1,k,115,12,Antelope,Female,,,,,
RT,R1,k,116,13,Antelope,Female,,,,,
RT,R1,k,117,14,Antelope,Female,,,,,
RT,R1,k,118,15,Antelope,Female,,,,,
RT,R1,k,119,16,Antelope,Female,,,,,
RT,R1,k,120,17,Antelope,Female,,,,,
RT,R1,k,121,18,Antelope,Female,,,,,
RT,R1,k,122,19,Antelope,Female,AF,0,,,
RT,R1,k,110,7,Buffalo,Female,AF,,,,
RT,R1,k,111,8,Buffalo,Female,AF,,,,
RT,R1,k,112,9,Buffalo,Female,AF,,,,
RT,R1,k,113,10,Buffalo,Female,AF,,,,
RT,R1,k,114,11,Buffalo,Female,AF,,,,
RT,R1,k,115,12,Buffalo,Female,AF,,,,
RT,R1,k,116,13,Buffalo,Female,AF,,,,
RT,R1,k,117,14,Buffalo,Female,AF,,,,
RT,R1,k,118,15,Buffalo,Female,AF,,,,
RT,R1,k,119,16,Buffalo,Female,AF,,,,
RT,R1,k,120,17,Buffalo,Female,AF,,,,
RT,R1,k,121,18,Buffalo,Female,AF,,,,
RT,R1,k,122,19,Buffalo,Female,AF,0,,,
RT,R1,k,110,7,Bushbuck,Female,AF,,,,
RT,R1,k,111,8,Bushbuck,Female,AF,,,,
RT,R1,k,112,9,Bushbuck,Female,AF,,,,
RT,R1,k,113,10,Bushbuck,Female,AF,,,,
RT,R1,k,114,11,Bushbuck,Female,AF,,,,
RT,R1,k,115,12,Bushbuck,Female,AF,,,,
RT,R1,k,116,13,Bushbuck,Female,AF,,,,
RT,R1,k,117,14,Bushbuck,Female,AF,,,,
RT,R1,k,118,15,Bushbuck,Female,AF,,,,
RT,R1,k,119,16,Bushbuck,Female,AF,,,,
RT,R1,k,120,17,Bushbuck,Female,AF,,,,
RT,R1,k,121,18,Bushbuck,Female,AF,,,,
RT,R1,k,122,19,Bushbuck,Female,AF,0,,,
RT,R1,k,110,7,Civet,Female,,,,,
RT,R1,k,111,8,Civet,Female,,,,,
RT,R1,k,112,9,Civet,Female,,,,,
RT,R1,k,113,10,Civet,Female,,,,,
RT,R1,k,114,11,Civet,Female,,,,,
RT,R1,k,115,12,Civet,Female,,,,,
RT,R1,k,116,13,Civet,Female,,,,,
RT,R1,k,117,14,Civet,Female,,,,,
RT,R1,k,118,15,Civet,Female,,,,,
RT,R1,k,119,16,Civet,Female,,,,,
RT,R1,k,120,17,Civet,Female,,,,,
RT,R1,k,121,18,Civet,Female,,,,,
RT,R1,k,122,19,Civet,Female,AF,1,,,
RT,R1,k,110,7,Donkey,Female,AF,,,,
RT,R1,k,111,8,Donkey,Female,AF,,,,
RT,R1,k,112,9,Donkey,Female,AF,,,,
RT,R1,k,113,10,Donkey,Female,AF,,,,
RT,R1,k,114,11,Donkey,Female,AF,,,,
RT,R1,k,115,12,Donkey,Female,AF,,,,
RT,R1,k,116,13,Donkey,Female,AF,,,,
RT,R1,k,117,14,Donkey,Female,AF,,,,
RT,R1,k,118,15,Donkey,Female,AF,,,,
RT,R1,k,119,16,Donkey,Female,AF,,,,
RT,R1,k,120,17,Donkey,Female,AF,,,,
RT,R1,k,121,18,Donkey,Female,AF,,,,
RT,R1,k,122,19,Donkey,Female,AF,1,,,
RT,R1,k,110,7,Duiker,Female,AF,,,,
RT,R1,k,111,8,Duiker,Female,AF,,,,
RT,R1,k,112,9,Duiker,Female,AF,,,,
RT,R1,k,113,10,Duiker,Female,AF,,,,
RT,R1,k,114,11,Duiker,Female,AF,,,,
RT,R1,k,115,12,Duiker,Female,AF,,,,
RT,R1,k,116,13,Duiker,Female,AF,,,,
RT,R1,k,117,14,Duiker,Female,AF,,,,
RT,R1,k,118,15,Duiker,Female,AF,,,,
RT,R1,k,119,16,Duiker,Female,AF,,,,
RT,R1,k,120,17,Duiker,Female,AF,,,,
RT,R1,k,121,18,Duiker,Female,AF,,,,
RT,R1,k,122,19,Duiker,Female,AF,0,,,
RT,R1,k,110,7,Elephant,Male,AM,,,,
RT,R1,k,111,8,Elephant,Male,AM,,,,
RT,R1,k,112,9,Elephant,Male,AM,,,,
RT,R1,k,113,10,Elephant,Male,AM,,,,
RT,R1,k,114,11,Elephant,Male,AM,,,,
RT,R1,k,115,12,Elephant,Male,AM,,,,
RT,R1,k,116,13,Elephant,Male,AM,,,,
RT,R1,k,117,14,Elephant,Male,AM,,,,
RT,R1,k,118,15,Elephant,Male,AM,,,,
RT,R1,k,119,16,Elephant,Male,AM,,,,
RT,R1,k,120,17,Elephant,Male,AM,,,,
RT,R1,k,121,18,Elephant,Male,AM,,,,
RT,R1,k,122,19,Elephant,Male,AM,,,,
RT,R1,k,110,7,Fox,Female,,,,,
RT,R1,k,111,8,Fox,Female,,,,,
RT,R1,k,112,9,Fox,Female,,,,,
RT,R1,k,113,10,Fox,Female,,,,,
RT,R1,k,114,11,Fox,Female,,,,,
RT,R1,k,115,12,Fox,Female,,,,,
RT,R1,k,116,13,Fox,Female,,,,,
RT,R1,k,117,14,Fox,Female,,,,,
RT,R1,k,118,15,Fox,Female,,,,,
RT,R1,k,119,16,Fox,Female,,,,,
RT,R1,k,120,17,Fox,Female,,,,,
RT,R1,k,121,18,Fox,Female,,,,,
RT,R1,k,122,19,Fox,Female,AF,1,,,
RT,R1,k,110,7,Giraffe,Female,AF,,,,
RT,R1,k,111,8,Giraffe,Female,AF,,,,
RT,R1,k,112,9,Giraffe,Female,AF,,,,
RT,R1,k,113,10,Giraffe,Female,AF,,,,
RT,R1,k,114,11,Giraffe,Female,AF,,,,
RT,R1,k,115,12,Giraffe,Female,AF,,,,
RT,R1,k,116,13,Giraffe,Female,AF,,,,
RT,R1,k,117,14,Giraffe,Female,AF,,,,
RT,R1,k,118,15,Giraffe,Female,AF,,,,
RT,R1,k,119,16,Giraffe,Female,AF,,,,
RT,R1,k,120,17,Giraffe,Female,AF,,,,
RT,R1,k,121,18,Giraffe,Female,AF,,,,
RT,R1,k,122,19,Giraffe,Female,AF,0,,,
RT,R1,k,110,7,Hippo,Female,AF,,,,
RT,R1,k,111,8,Hippo,Female,AF,,,,
RT,R1,k,112,9,Hippo,Female,AF,,,,
RT,R1,k,113,10,Hippo,Female,AF,,,,
RT,R1,k,114,11,Hippo,Female,AF,,,,
RT,R1,k,115,12,Hippo,Female,AF,,,,
RT,R1,k,116,13,Hippo,Female,AF,,,,
RT,R1,k,117,14,Hippo,Female,AF,,,,
RT,R1,k,118,15,Hippo,Female,AF,,,,
RT,R1,k,119,16,Hippo,Female,AF,,,,
RT,R1,k,120,17,Hippo,Female,AF,,,,
RT,R1,k,121,18,Hippo,Female,AF,,,,
RT,R1,k,122,19,Hippo,Female,AF,0,,,
RT,R1,k,110,7,Horse,Female,AF,,,,
RT,R1,k,111,8,Horse,Female,AF,,,,
RT,R1,k,112,9,Horse,Female,AF,,,,
RT,R1,k,113,10,Horse,Female,AF,,,,
RT,R1,k,114,11,Horse,Female,AF,,,,
RT,R1,k,115,12,Horse,Female,AF,,,,
RT,R1,k,116,13,Horse,Female,AF,,,,
RT,R1,k,117,14,Horse,Female,AF,,,,
RT,R1,k,118,15,Horse,Female,AF,,,,
RT,R1,k,119,16,Horse,Female,AF,,,,
RT,R1,k,120,17,Horse,Female,AF,,,,
RT,R1,k,121,18,Horse,Female,AF,,,,
RT,R1,k,122,19,Horse,Female,AF,1,,,
RT,R1,k,110,7,Hyena,Female,AF,,,,
RT,R1,k,111,8,Hyena,Female,AF,,,,
RT,R1,k,112,9,Hyena,Female,AF,,,,
RT,R1,k,113,10,Hyena,Female,AF,,,,
RT,R1,k,114,11,Hyena,Female,AF,,,,
RT,R1,k,115,12,Hyena,Female,AF,,,,
RT,R1,k,116,13,Hyena,Female,AF,,,,
RT,R1,k,117,14,Hyena,Female,AF,,,,
RT,R1,k,118,15,Hyena,Female,AF,,,,
RT,R1,k,119,16,Hyena,Female,AF,,,,
RT,R1,k,120,17,Hyena,Female,AF,,,,
RT,R1,k,121,18,Hyena,Female,AF,,,,
RT,R1,k,122,19,Hyena,Female,AF,0,,,
RT,R1,k,110,7,Leopard,Female,AF,,,,
RT,R1,k,111,8,Leopard,Female,AF,,,,
RT,R1,k,112,9,Leopard,Female,AF,,,,
RT,R1,k,113,10,Leopard,Female,AF,,,,
RT,R1,k,114,11,Leopard,Female,AF,,,,
RT,R1,k,115,12,Leopard,Female,AF,,,,
RT,R1,k,116,13,Leopard,Female,AF,,,,
RT,R1,k,117,14,Leopard,Female,AF,,,,
RT,R1,k,118,15,Leopard,Female,AF,,,,
RT,R1,k,119,16,Leopard,Female,AF,,,,
RT,R1,k,120,17,Leopard,Female,AF,,,,
RT,R1,k,121,18,Leopard,Female,AF,,,,
RT,R1,k,122,19,Leopard,Female,AF,1,,,
RT,R1,k,110,7,Lion,Male,,,,,
RT,R1,k,111,8,Lion,Male,,,,,
RT,R1,k,112,9,Lion,Male,,,,,
RT,R1,k,113,10,Lion,Male,,,,,
RT,R1,k,114,11,Lion,Male,,,,,
RT,R1,k,115,12,Lion,Male,,,,,
RT,R1,k,116,13,Lion,Male,,,,,
RT,R1,k,117,14,Lion,Male,,,,,
RT,R1,k,118,15,Lion,Male,,,,,
RT,R1,k,119,16,Lion,Male,,,,,
RT,R1,k,120,17,Lion,Male,,,,,
RT,R1,k,121,18,Lion,Male,,,,,
RT,R1,k,122,19,Lion,Male,SM,,,,
RT,R1,k,110,7,Mamba,Female,,,,,
RT,R1,k,111,8,Mamba,Female,,,,,
RT,R1,k,112,9,Mamba,Female,,,,,
RT,R1,k,113,10,Mamba,Female,,,,,
RT,R1,k,114,11,Mamba,Female,,,,,
RT,R1,k,115,12,Mamba,Female,,,,,
RT,R1,k,116,13,Mamba,Female,,,,,
RT,R1,k,117,14,Mamba,Female,,,,,
RT,R1,k,118,15,Mamba,Female,,,,,
RT,R1,k,119,16,Mamba,Female,,,,,
RT,R1,k,120,17,Mamba,Female,,,,,
RT,R1,k,121,18,Mamba,Female,,,,,
RT,R1,k,122,19,Mamba,Female,AF,1,,,
RT,R1,k,110,7,Rat,Female,,,,,
RT,R1,k,111,8,Rat,Female,,,,,
RT,R1,k,112,9,Rat,Female,,,,,
RT,R1,k,113,10,Rat,Female,,,,,
RT,R1,k,114,11,Rat,Female,,,,,
RT,R1,k,115,12,Rat,Female,,,,,
RT,R1,k,116,13,Rat,Female,,,,,
RT,R1,k,117,14,Rat,Female,,,,,
RT,R1,k,118,15,Rat,Female,,,,,
RT,R1,k,119,16,Rat,Female,,,,,
RT,R1,k,120,17,Rat,Female,,,,,
RT,R1,k,121,18,Rat,Female,,,,,
RT,R1,k,122,19,Rat,Female,AF,0,,,
RT,R1,k,110,7,Rhino,Female,AF,,,,
RT,R1,k,111,8,Rhino,Female,AF,,,,
RT,R1,k,112,9,Rhino,Female,AF,,,,
RT,R1,k,113,10,Rhino,Female,AF,,,,
RT,R1,k,114,11,Rhino,Female,AF,,,,
RT,R1,k,115,12,Rhino,Female,AF,,,,
RT,R1,k,116,13,Rhino,Female,AF,,,,
RT,R1,k,117,14,Rhino,Female,AF,,,,
RT,R1,k,118,15,Rhino,Female,AF,,,,
RT,R1,k,119,16,Rhino,Female,AF,,,,
RT,R1,k,120,17,Rhino,Female,AF,,,,
RT,R1,k,121,18,Rhino,Female,AF,,,,
RT,R1,k,122,19,Rhino,Female,AF,0,,,
RT,R1,k,110,7,Tiger,Female,AF,,,,
RT,R1,k,111,8,Tiger,Female,AF,,,,
RT,R1,k,112,9,Tiger,Female,AF,,,,
RT,R1,k,113,10,Tiger,Female,AF,,,,
RT,R1,k,114,11,Tiger,Female,AF,,,,
RT,R1,k,115,12,Tiger,Female,AF,,,,
RT,R1,k,116,13,Tiger,Female,AF,,,,
RT,R1,k,117,14,Tiger,Female,AF,,,,
RT,R1,k,118,15,Tiger,Female,AF,,,,
RT,R1,k,119,16,Tiger,Female,AF,,,,
RT,R1,k,120,17,Tiger,Female,AF,,,,
RT,R1,k,121,18,Tiger,Female,AF,,,,
RT,R1,k,122,19,Tiger,Female,AF,0,,,
RT,R1,k,110,7,Wolf,Male,,,,,
RT,R1,k,111,8,Wolf,Male,,,,,
RT,R1,k,112,9,Wolf,Male,,,,,
RT,R1,k,113,10,Wolf,Male,,,,,
RT,R1,k,114,11,Wolf,Male,,,,,
RT,R1,k,115,12,Wolf,Male,,,,,
RT,R1,k,116,13,Wolf,Male,,,,,
RT,R1,k,117,14,Wolf,Male,,,,,
RT,R1,k,118,15,Wolf,Male,,,,,
RT,R1,k,119,16,Wolf,Male,,,,,
RT,R1,k,120,17,Wolf,Male,,,,,
RT,R1,k,121,18,Wolf,Male,,,,,
RT,R1,k,122,19,Wolf,Male,SM,,,,
RT,R1,k,110,7,Zebra,Female,AF,,,,
RT,R1,k,111,8,Zebra,Female,AF,,,,
RT,R1,k,112,9,Zebra,Female,AF,,,,
RT,R1,k,113,10,Zebra,Female,AF,,,,
RT,R1,k,114,11,Zebra,Female,AF,,,,
RT,R1,k,115,12,Zebra,Female,AF,,,,
RT,R1,k,116,13,Zebra,Female,AF,,,,
RT,R1,k,117,14,Zebra,Female,AF,,,,
RT,R1,k,118,15,Zebra,Female,AF,,,,
RT,R1,k,119,16,Zebra,Female,AF,,,,
RT,R1,k,120,17,Zebra,Female,AF,,,,
RT,R1,k,121,18,Zebra,Female,AF,,,,
RT,R1,k,122,19,Zebra,Female,AF,1,,,
RT,R13,k,120.5,,Apollo,Female,AF,0,,,
RT,R13,k,120.5,,Athena,Female,AF,1,,,
RT,R13,k,120.5,,Atlas,Female,AF,0,,,
RT,R13,k,120.5,,Eros,Female,AF,,,,Unsure if nursing
RT,R13,k,120.5,,Gaia,Female,AF,0,,,
RT,R13,k,120.5,,Hera,Female,AF,0,,,
RT,R13,k,120.5,,Ino,Female,SF,,,,
RT,R13,k,120.5,,Styx,Female,AF,0,,,
RT,R13,k,120.5,,Zeus,Male,AM,,,,
RT,R2,c,40,0.1,Gulu,Female,AF,0,,no data,
RT,R2,c,41,0.2-0.3,Gulu,Female,AF,0,,no data,
RT,R2,c,42,0.4-0.5,Gulu,Female,AF,0,,no data,
RT,R2,c,43,1,Gulu,Female,AF,0,,no data,
RT,R2,c,44,2-3,Gulu,Female,AF,0,1,inferred,Gulu mates w/ Kasese
RT,R2,c,45,4,Gulu,Female,AF,0,1,birth,
RT,R2,c,46,5-6,Gulu,Female,AF,0,1,birth,
RT,R2,c,47,7-8,Gulu,Female,AF,0,1,birth,Gulu mates w/ Kasese
RT,R2,c,48,9-10,Gulu,Female,AF,0,1,birth,
RT,R2,c,40,0.1,Hoima,Female,JV,,,,
RT,R2,c,41,0.2-0.3,Hoima,Female,JV,,,,
RT,R2,c,42,0.4-0.5,Hoima,Female,JV,,,,
RT,R2,c,43,1,Hoima,Female,JV,,,,
RT,R2,c,44,2-3,Hoima,Female,JV,,,,
RT,R2,c,45,4,Hoima,Female,JV,,,,
RT,R2,c,46,5-6,Hoima,Female,JV,,,,
RT,R2,c,47,7-8,Hoima,Female,JV,,,,
RT,R2,c,48,9-10,Hoima,Female,JV,,,,
RT,R2,c,40,0.1,Jinja,Female,AF,0,,no data,
RT,R2,c,41,0.2-0.3,Jinja,Female,AF,0,,no data,
RT,R2,c,42,0.4-0.5,Jinja,Female,AF,0,,no data,Jinja mates w/ Kampala
RT,R2,c,43,1,Jinja,Female,AF,0,0,E2 level,
RT,R2,c,44,2-3,Jinja,Female,AF,0,1,inferred,Gestation length & mating in Aug means she was probly preggo in Sep
RT,R2,c,45,4,Jinja,Female,AF,0,1,E2 level,
RT,R2,c,46,5-6,Jinja,Female,AF,0,1,E2 level,
RT,R2,c,47,7-8,Jinja,Female,AF,0,1,E2 level,
RT,R2,c,48,9-10,Jinja,Female,AF,0,1,E2 level,
RT,R2,c,40,0.1,Kabarole,Female,AF,0,,no data,
RT,R2,c,41,0.2-0.3,Kabarole,Female,AF,0,,no data,
RT,R2,c,42,0.4-0.5,Kabarole,Female,AF,0,,no data,Kab mates w/ Kampala
RT,R2,c,43,1,Kabarole,Female,AF,0,0,E2 level & mating,
RT,R2,c,44,2-3,Kabarole,Female,AF,0,0,E2 level & mating,
RT,R2,c,45,4,Kabarole,Female,AF,0,0,E2 level & mating,
RT,R2,c,46,5-6,Kabarole,Female,AF,0,0,E2 level & mating,
RT,R2,c,47,7-8,Kabarole,Female,AF,0,0,E2 level & mating,Kab mates w/ Kasese
RT,R2,c,48,9-10,Kabarole,Female,AF,0,0,E2 level & mating,Kab mates w/ Kasese
RT,R2,c,40,0.1,Kampala,Male,AM,,,,
RT,R2,c,41,0.2-0.3,Kampala,Male,AM,,,,
RT,R2,c,42,0.4-0.5,Kampala,Male,AM,,,,Disappeared late in this WoP
RT,R2,c,43,1,Kampala,Male,,,,,disappeared
RT,R2,c,44,2-3,Kampala,Male,,,,,disappeared
RT,R2,c,45,4,Kampala,Male,,,,,disappeared
RT,R2,c,46,5-6,Kampala,Male,,,,,disappeared
RT,R2,c,47,7-8,Kampala,Male,,,,,disappeared
RT,R2,c,48,9-10,Kampala,Male,,,,,disappeared
RT,R2,c,40,0.1,Kamwenge,Female,JV,,,,
RT,R2,c,41,0.2-0.3,Kamwenge,Female,JV,,,,
RT,R2,c,42,0.4-0.5,Kamwenge,Female,JV,,,,
RT,R2,c,43,1,Kamwenge,Female,JV,,,,
RT,R2,c,44,2-3,Kamwenge,Female,JV,,,,
RT,R2,c,45,4,Kamwenge,Female,JV,,,,
RT,R2,c,46,5-6,Kamwenge,Female,JV,,,,
RT,R2,c,47,7-8,Kamwenge,Female,JV,,,,
RT,R2,c,48,9-10,Kamwenge,Female,JV,,,,
RT,R2,c,40,0.1,Kasese,Male,not yet immigrated,,,,
RT,R2,c,41,0.2-0.3,Kasese,Male,not yet immigrated,,,,
RT,R2,c,42,0.4-0.5,Kasese,Male,AM,,,,Appeared on Aug 14 2012
RT,R2,c,43,1,Kasese,Male,AM,,,,
RT,R2,c,44,2-3,Kasese,Male,AM,,,,
RT,R2,c,45,4,Kasese,Male,AM,,,,
RT,R2,c,46,5-6,Kasese,Male,AM,,,,
RT,R2,c,47,7-8,Kasese,Male,AM,,,,
RT,R2,c,48,9-10,Kasese,Male,AM,,,,
RT,R2,c,40,0.1,Kyenjojo,Female,AF,0,,no data,
RT,R2,c,41,0.2-0.3,Kyenjojo,Female,AF,0,,no data,
RT,R2,c,42,0.4-0.5,Kyenjojo,Female,AF,0,,no data,
RT,R2,c,43,1,Kyenjojo,Female,AF,0,0,E2 level,
RT,R2,c,44,2-3,Kyenjojo,Female,AF,0,0,E2 level & mating,
RT,R2,c,45,4,Kyenjojo,Female,AF,0,0,E2 level & mating,
RT,R2,c,46,5-6,Kyenjojo,Female,AF,0,0,E2 level & mating,Kyen mates w/ Kasese
RT,R2,c,47,7-8,Kyenjojo,Female,AF,0,0,E2 level & mating,Kyen mates w/ Kasese
RT,R2,c,48,9-10,Kyenjojo,Female,AF,0,0,E2 level,
RT,R2,c,40,0.1,Mbale,Male,,,,,
RT,R2,c,41,0.2-0.3,Mbale,Male,,,,,
RT,R2,c,42,0.4-0.5,Mbale,Male,,,,,
RT,R2,c,43,1,Mbale,Male,,,,,
RT,R2,c,44,2-3,Mbale,Male,,,,,
RT,R2,c,45,4,Mbale,Male,,,,,
RT,R2,c,46,5-6,Mbale,Male,,,,,
RT,R2,c,47,7-8,Mbale,Male,,,,,
RT,R2,c,48,9-10,Mbale,Male,,,,,
RT,R2,c,40,0.1,Mityana,Female,AF,0,,no data,
RT,R2,c,41,0.2-0.3,Mityana,Female,AF,0,,no data,
RT,R2,c,42,0.4-0.5,Mityana,Female,AF,0,,no data,Mityana mates w/ Kasese
RT,R2,c,43,1,Mityana,Female,AF,0,,no data,Mityana mates w/ Kasese
RT,R2,c,44,2-3,Mityana,Female,AF,0,,no data,"Disappeared on Sep 17, 2012"
RT,R2,c,45,4,Mityana,Female,disappeared,,,,
RT,R2,c,46,5-6,Mityana,Female,disappeared,,,,
RT,R2,c,47,7-8,Mityana,Female,disappeared,,,,
RT,R2,c,48,9-10,Mityana,Female,disappeared,,,,
RT,R2,c,40,0.1,Mpigi,Female,AF,1,0,dInfant,
RT,R2,c,41,0.2-0.3,Mpigi,Female,AF,1,0,dInfant,
RT,R2,c,42,0.4-0.5,Mpigi,Female,AF,0,,no data,
RT,R2,c,43,1,Mpigi,Female,AF,0,,no data,
RT,R2,c,44,2-3,Mpigi,Female,AF,0,,no data,
RT,R2,c,45,4,Mpigi,Female,AF,0,0,E2 level,
RT,R2,c,46,5-6,Mpigi,Female,AF,0,0,E2 level,
RT,R2,c,47,7-8,Mpigi,Female,AF,0,0,E2 level,
RT,R2,c,48,9-10,Mpigi,Female,AF,0,0,E2 level,
RT,R2,c,40,0.1,Mubende,Male,SM,,,,
RT,R2,c,41,0.2-0.3,Mubende,Male,SM,,,,
RT,R2,c,42,0.4-0.5,Mubende,Male,SM,,,,
RT,R2,c,43,1,Mubende,Male,SM,,,,
RT,R2,c,44,2-3,Mubende,Male,SM,,,,
RT,R2,c,45,4,Mubende,Male,SM,,,,
RT,R2,c,46,5-6,Mubende,Male,SM,,,,
RT,R2,c,47,7-8,Mubende,Male,SM,,,,
RT,R2,c,48,9-10,Mubende,Male,SM,,,,
RT,R2,c,40,0.1,Mukono,Male,SM,,,,
RT,R2,c,41,0.2-0.3,Mukono,Male,SM,,,,
RT,R2,c,42,0.4-0.5,Mukono,Male,SM,,,,
RT,R2,c,43,1,Mukono,Male,SM,,,,
RT,R2,c,44,2-3,Mukono,Male,SM,,,,
RT,R2,c,45,4,Mukono,Male,SM,,,,
RT,R2,c,46,5-6,Mukono,Male,SM,,,,
RT,R2,c,47,7-8,Mukono,Male,SM,,,,
RT,R2,c,48,9-10,Mukono,Male,SM,,,,
RT,R2,d,50,11-12,Gulu,Female,AF,0,1,birth,
RT,R2,d,51,13-14,Gulu,Female,AF,0,1,birth,
RT,R2,d,52,15,Gulu,Female,AF,1,0,dInfant,
RT,R2,d,53,16-17,Gulu,Female,AF,1,0,dInfant,
RT,R2,d,50,11-12,Hoima,Female,JV,,,,
RT,R2,d,51,13-14,Hoima,Female,JV,,,,
RT,R2,d,52,15,Hoima,Female,JV,,,,
RT,R2,d,53,16-17,Hoima,Female,JV,,,,
RT,R2,d,50,11-12,Jinja,Female,AF,0,1,E2 level,
RT,R2,d,51,13-14,Jinja,Female,AF,0,10,E2 level,miscarriage or stillbirth; was pregnant till 2/8/13. E2 levels dropped on 2/9 but no infant observed.
RT,R2,d,52,15,Jinja,Female,AF,0,0,E2 level,
RT,R2,d,53,16-17,Jinja,Female,AF,0,0,E2 level,
RT,R2,d,50,11-12,Kabarole,Female,AF,0,0,E2 level & mating,
RT,R2,d,51,13-14,Kabarole,Female,AF,0,0,E2 level & mating,
RT,R2,d,52,15,Kabarole,Female,AF,0,0,E2 level & mating,
RT,R2,d,53,16-17,Kabarole,Female,AF,0,0,E2 level & mating,
RT,R2,d,50,11-12,Kampala,Male,,,,,disappeared
RT,R2,d,51,13-14,Kampala,Male,,,,,disappeared
RT,R2,d,52,15,Kampala,Male,,,,,disappeared
RT,R2,d,53,16-17,Kampala,Male,,,,,disappeared
RT,R2,d,50,11-12,Kamwenge,Female,JV,,,,
RT,R2,d,51,13-14,Kamwenge,Female,JV,,,,
RT,R2,d,52,15,Kamwenge,Female,JV,,,,
RT,R2,d,53,16-17,Kamwenge,Female,JV,,,,
RT,R2,d,50,11-12,Kasese,Male,AM,,,,
RT,R2,d,51,13-14,Kasese,Male,AM,,,,
RT,R2,d,52,15,Kasese,Male,AM,,,,
RT,R2,d,53,16-17,Kasese,Male,AM,,,,
RT,R2,d,50,11-12,Kyenjojo,Female,AF,0,0,E2 level,
RT,R2,d,51,13-14,Kyenjojo,Female,AF,0,0,E2 level,
RT,R2,d,52,15,Kyenjojo,Female,AF,0,0,E2 level,
RT,R2,d,53,16-17,Kyenjojo,Female,AF,0,0,E2 level,
RT,R2,d,50,11-12,Mbale,Male,,,,,
RT,R2,d,51,13-14,Mbale,Male,,,,,
RT,R2,d,52,15,Mbale,Male,,,,,
RT,R2,d,53,16-17,Mbale,Male,,,,,
RT,R2,d,50,11-12,Mityana,Female,disappeared,,,,
RT,R2,d,51,13-14,Mityana,Female,disappeared,,,,
RT,R2,d,52,15,Mityana,Female,disappeared,,,,
RT,R2,d,53,16-17,Mityana,Female,disappeared,,,,
RT,R2,d,50,11-12,Mpigi,Female,AF,0,0,E2 level,
RT,R2,d,51,13-14,Mpigi,Female,AF,0,0,E2 level,
RT,R2,d,52,15,Mpigi,Female,AF,0,0,E2 level,
RT,R2,d,53,16-17,Mpigi,Female,AF,0,0,E2 level,
RT,R2,d,50,11-12,Mubende,Male,SM,,,,
RT,R2,d,51,13-14,Mubende,Male,SM,,,,
RT,R2,d,52,15,Mubende,Male,SM,,,,
RT,R2,d,53,16-17,Mubende,Male,SM,,,,
RT,R2,d,50,11-12,Mukono,Male,SM,,,,
RT,R2,d,51,13-14,Mukono,Male,SM,,,,
RT,R2,d,52,15,Mukono,Male,SM,,,,
RT,R2,d,53,16-17,Mukono,Male,SM,,,,
RT,R2,f,63,18-19,Gulu,Female,AF,0,0,E2 level,
RT,R2,f,64,20,Gulu,Female,AF,0,0,E2 level,
RT,R2,f,65,21,Gulu,Female,AF,0,0,E2 level,
RT,R2,f,66,22,Gulu,Female,AF,0,0,E2 level,
RT,R2,f,67,23,Gulu,Female,AF,0,0,E2 level,
RT,R2,f,63,18-19,Hoima,Female,AF,0,0,E2 level,
RT,R2,f,64,20,Hoima,Female,AF,0,0,E2 level,
RT,R2,f,65,21,Hoima,Female,AF,0,0,E2 level,
RT,R2,f,66,22,Hoima,Female,AF,0,0,E2 level,
RT,R2,f,67,23,Hoima,Female,AF,0,0,E2 level,
RT,R2,f,63,18-19,Jinja,Female,AF,1,0,dInfant,
RT,R2,f,64,20,Jinja,Female,AF,1,0,dInfant,
RT,R2,f,65,21,Jinja,Female,AF,0,0,E2 level,
RT,R2,f,66,22,Jinja,Female,AF,0,0,E2 level,
RT,R2,f,67,23,Jinja,Female,AF,0,0,E2 level,
RT,R2,f,63,18-19,Kabarole,Female,AF,1,0,dInfant,
RT,R2,f,64,20,Kabarole,Female,AF,1,0,dInfant,
RT,R2,f,65,21,Kabarole,Female,AF,1,0,dInfant,
RT,R2,f,66,22,Kabarole,Female,AF,1,0,dInfant,
RT,R2,f,67,23,Kabarole,Female,AF,0,0,E2 level,
RT,R2,f,63,18-19,Kampala,Male,,,,,disappeared
RT,R2,f,64,20,Kampala,Male,,,,,disappeared
RT,R2,f,65,21,Kampala,Male,,,,,disappeared
RT,R2,f,66,22,Kampala,Male,,,,,disappeared
RT,R2,f,67,23,Kampala,Male,,,,,disappeared
RT,R2,f,63,18-19,Kamwenge,Female,AF,1,0,E2 level,"FAs noted new infant in WoP 66, but E2 levels in earlier WoPs are too low; maybe they didn't notice the infant in WoPs 63-65"
RT,R2,f,64,20,Kamwenge,Female,AF,1,0,E2 level,"FAs noted new infant in WoP 66, but E2 levels in earlier WoPs are too low; maybe they didn't notice the infant in WoPs 63-65"
RT,R2,f,65,21,Kamwenge,Female,AF,1,0,E2 level,"FAs noted new infant in WoP 66, but E2 levels in earlier WoPs are too low; maybe they didn't notice the infant in WoPs 63-65"
RT,R2,f,66,22,Kamwenge,Female,AF,1,0,dInfant,
RT,R2,f,67,23,Kamwenge,Female,AF,1,0,dInfant,
RT,R2,f,63,18-19,Kasese,Male,AM,,,,
RT,R2,f,64,20,Kasese,Male,AM,,,,
RT,R2,f,65,21,Kasese,Male,AM,,,,
RT,R2,f,66,22,Kasese,Male,AM,,,,
RT,R2,f,67,23,Kasese,Male,AM,,,,
RT,R2,f,63,18-19,Kyenjojo,Female,AF,1,0,dInfant,
RT,R2,f,64,20,Kyenjojo,Female,AF,1,0,dInfant,
RT,R2,f,65,21,Kyenjojo,Female,AF,1,0,dInfant,
RT,R2,f,66,22,Kyenjojo,Female,AF,1,0,dInfant,
RT,R2,f,67,23,Kyenjojo,Female,AF,0,0,E2 level,"- carrying, + nursing"
RT,R2,f,63,18-19,Mbale,Male,,,,,
RT,R2,f,64,20,Mbale,Male,,,,,
RT,R2,f,65,21,Mbale,Male,,,,,
RT,R2,f,66,22,Mbale,Male,,,,,
RT,R2,f,67,23,Mbale,Male,,,,,
RT,R2,f,63,18-19,Mityana,Female,disappeared,,,,
RT,R2,f,64,20,Mityana,Female,disappeared,,,,
RT,R2,f,65,21,Mityana,Female,disappeared,,,,
RT,R2,f,66,22,Mityana,Female,disappeared,,,,
RT,R2,f,67,23,Mityana,Female,disappeared,,,,
RT,R2,f,63,18-19,Mpigi,Female,AF,0,0,E2 level,
RT,R2,f,64,20,Mpigi,Female,AF,0,0,E2 level,
RT,R2,f,65,21,Mpigi,Female,AF,0,0,E2 level,
RT,R2,f,66,22,Mpigi,Female,AF,0,0,E2 level,
RT,R2,f,67,23,Mpigi,Female,AF,0,0,E2 level,
RT,R2,f,63,18-19,Mubende,Male,disappeared,,,,Disappeared before this period began
RT,R2,f,64,20,Mubende,Male,disappeared,,,,
RT,R2,f,65,21,Mubende,Male,disappeared,,,,
RT,R2,f,66,22,Mubende,Male,disappeared,,,,
RT,R2,f,67,23,Mubende,Male,disappeared,,,,
RT,R2,f,63,18-19,Mukono,Male,JV,,,,
RT,R2,f,64,20,Mukono,Male,JV,,,,
RT,R2,f,65,21,Mukono,Male,JV,,,,
RT,R2,f,66,22,Mukono,Male,JV,,,,
RT,R2,f,67,23,Mukono,Male,JV,,,,
RT,R2,g,68,24-25,Gulu,Female,AF,0,1,E2 level,
RT,R2,g,69,26-27,Gulu,Female,AF,0,1,E2 level,
RT,R2,g,70,28-29,Gulu,Female,AF,0,0,to do,
RT,R2,g,71,30,Gulu,Female,AF,0,0,no data,
RT,R2,g,68,24-25,Hoima,Female,AF,0,1,birth,
RT,R2,g,69,26-27,Hoima,Female,AF,0,1,birth,
RT,R2,g,70,28-29,Hoima,Female,AF,1,0,dInfant,
RT,R2,g,71,30,Hoima,Female,AF,1,0,dInfant,
RT,R2,g,68,24-25,Jinja,Female,AF,0,0,E2 level,
RT,R2,g,69,26-27,Jinja,Female,AF,0,0,E2 level,
RT,R2,g,70,28-29,Jinja,Female,AF,0,0,E2 level,
RT,R2,g,71,30,Jinja,Female,AF,0,0,E2 level,
RT,R2,g,68,24-25,Kabarole,Female,AF,0,0,E2 level,
RT,R2,g,69,26-27,Kabarole,Female,AF,0,0,E2 level,
RT,R2,g,70,28-29,Kabarole,Female,AF,0,0,to do,mating
RT,R2,g,71,30,Kabarole,Female,AF,0,0,to do,mating
RT,R2,g,68,24-25,Kampala,Male,,,,,disappeared
RT,R2,g,69,26-27,Kampala,Male,,,,,disappeared
RT,R2,g,70,28-29,Kampala,Male,,,,,disappeared
RT,R2,g,71,30,Kampala,Male,,,,,disappeared
RT,R2,g,68,24-25,Kamwenge,Female,AF,0,0,E2 level,
RT,R2,g,69,26-27,Kamwenge,Female,AF,0,0,E2 level,
RT,R2,g,70,28-29,Kamwenge,Female,AF,0,0,E2 level,
RT,R2,g,71,30,Kamwenge,Female,AF,0,,no data,
RT,R2,g,68,24-25,Kasese,Male,AM,,,,
RT,R2,g,69,26-27,Kasese,Male,AM,,,,
RT,R2,g,70,28-29,Kasese,Male,AM,,,,
RT,R2,g,71,30,Kasese,Male,AM,,,,
RT,R2,g,68,24-25,Kyenjojo,Female,AF,0,0,E2 level,
RT,R2,g,69,26-27,Kyenjojo,Female,AF,0,0,E2 level,
RT,R2,g,70,28-29,Kyenjojo,Female,AF,0,0,E2 level,
RT,R2,g,71,30,Kyenjojo,Female,AF,0,0,E2 level,
RT,R2,g,68,24-25,Mbale,Male,JV,,,,
RT,R2,g,69,26-27,Mbale,Male,JV,,,,
RT,R2,g,70,28-29,Mbale,Male,JV,,,,
RT,R2,g,71,30,Mbale,Male,JV,,,,
RT,R2,g,68,24-25,Mityana,Female,disappeared,,,,
RT,R2,g,69,26-27,Mityana,Female,disappeared,,,,
RT,R2,g,70,28-29,Mityana,Female,disappeared,,,,
RT,R2,g,71,30,Mityana,Female,disappeared,,,,
RT,R2,g,68,24-25,Mpigi,Female,AF,0,0,E2 level,
RT,R2,g,69,26-27,Mpigi,Female,AF,0,0,E2 level,
RT,R2,g,70,28-29,Mpigi,Female,AF,0,0,E2 level,
RT,R2,g,71,30,Mpigi,Female,AF,1,0,dInfant,
RT,R2,g,68,24-25,Mubende,Male,disappeared,,,,
RT,R2,g,69,26-27,Mubende,Male,disappeared,,,,
RT,R2,g,70,28-29,Mubende,Male,disappeared,,,,
RT,R2,g,71,30,Mubende,Male,disappeared,,,,
RT,R2,g,68,24-25,Mukono,Male,SM,,,,
RT,R2,g,69,26-27,Mukono,Male,SM,,,,
RT,R2,g,70,28-29,Mukono,Male,SM,,,,
RT,R2,g,71,30,Mukono,Male,SM,,,,
RT,R2,j,103,,Gulu,Female,AF,0,,,
RT,R2,j,103,,Hoima,Female,AF,0,,,
RT,R2,j,103,,Jinja,Female,AF,0,,,
RT,R2,j,103,,Kabarole,Female,AF,0,,,
RT,R2,j,103,,Kampala,Male,disappeared,,,,
RT,R2,j,103,,Kamwenge,Female,AF,0,,,
RT,R2,j,103,,Kasese,Male,AM,,,,
RT,R2,j,103,,Kyenjojo,Female,AF,0,,,
RT,R2,j,103,,Mbale,Male,,,,,
RT,R2,j,103,,Mityana,Female,disappeared,,,,
RT,R2,j,103,,Mpigi,Female,AF,0,,,
RT,R2,j,103,,Mubende,Male,disappeared,,,,
RT,R2,j,103,,Mukono,Male,SM,,,,
RT,R3,c,40,0.1,Aluminum,Female,AF,0,,no data,
RT,R3,c,41,0.2-0.3,Aluminum,Female,AF,0,,no data,
RT,R3,c,42,0.4-0.5,Aluminum,Female,AF,0,,no data,
RT,R3,c,43,1,Aluminum,Female,AF,0,,no data,
RT,R3,c,44,2-3,Aluminum,Female,AF,0,,no data,
RT,R3,c,45,4,Aluminum,Female,AF,0,0,E2 level,
RT,R3,c,46,5-6,Aluminum,Female,AF,0,0,E2 level,
RT,R3,c,47,7-8,Aluminum,Female,AF,0,0,E2 level,
RT,R3,c,48,9,Aluminum,Female,AF,0,0,E2 level,
RT,R3,c,40,0.1,Argon,Female,AF,0,,no data,
RT,R3,c,41,0.2-0.3,Argon,Female,AF,0,,no data,
RT,R3,c,42,0.4-0.5,Argon,Female,AF,0,,no data,
RT,R3,c,43,1,Argon,Female,AF,0,1,inferred,
RT,R3,c,44,2-3,Argon,Female,AF,0,1,inferred,
RT,R3,c,45,4,Argon,Female,AF,0,1,inferred,
RT,R3,c,46,5-6,Argon,Female,AF,0,1,E2 level,
RT,R3,c,47,7-8,Argon,Female,AF,0,1,inferred,
RT,R3,c,48,9,Argon,Female,AF,0,1,E2 level,
RT,R3,c,40,0.1,Calcium,Female,SF,0,,no data,
RT,R3,c,41,0.2-0.3,Calcium,Female,SF,0,,no data,
RT,R3,c,42,0.4-0.5,Calcium,Female,SF,0,,no data,
RT,R3,c,43,1,Calcium,Female,SF,0,,,
RT,R3,c,44,2-3,Calcium,Female,SF,0,,,
RT,R3,c,45,4,Calcium,Female,AF,0,1,E2 level,
RT,R3,c,46,5-6,Calcium,Female,AF,0,1,E2 level,
RT,R3,c,47,7-8,Calcium,Female,AF,0,,no data,
RT,R3,c,48,9,Calcium,Female,AF,0,,no data,
RT,R3,c,40,0.1,Carbon,Female,AF,0,,no data,
RT,R3,c,41,0.2-0.3,Carbon,Female,AF,0,,no data,
RT,R3,c,42,0.4-0.5,Carbon,Female,AF,0,,no data,
RT,R3,c,43,1,Carbon,Female,AF,0,1,inferred,
RT,R3,c,44,2-3,Carbon,Female,AF,0,1,E2 level,
RT,R3,c,45,4,Carbon,Female,AF,0,1,E2 level,
RT,R3,c,46,5-6,Carbon,Female,AF,0,1,E2 level,
RT,R3,c,47,7-8,Carbon,Female,AF,0,1,E2 level,
RT,R3,c,48,9,Carbon,Female,AF,0,1,E2 level,
RT,R3,c,40,0.1,Chlorine,Female,AF,0,,no data,
RT,R3,c,41,0.2-0.3,Chlorine,Female,AF,0,,no data,
RT,R3,c,42,0.4-0.5,Chlorine,Female,AF,0,,no data,
RT,R3,c,43,1,Chlorine,Female,AF,0,1,inferred,
RT,R3,c,44,2-3,Chlorine,Female,AF,0,1,inferred,
RT,R3,c,45,4,Chlorine,Female,AF,0,1,E2 level,
RT,R3,c,46,5-6,Chlorine,Female,AF,0,1,E2 level,
RT,R3,c,47,7-8,Chlorine,Female,AF,0,1,E2 level,
RT,R3,c,48,9,Chlorine,Female,AF,0,1,E2 level,
RT,R3,c,40,0.1,Coal,Female,AF,0,,no data,
RT,R3,c,41,0.2-0.3,Coal,Female,AF,0,,no data,
RT,R3,c,42,0.4-0.5,Coal,Female,AF,0,,no data,
RT,R3,c,43,1,Coal,Female,AF,0,1,inferred,
RT,R3,c,44,2-3,Coal,Female,AF,0,1,inferred,
RT,R3,c,45,4,Coal,Female,AF,0,1,E2 level,
RT,R3,c,46,5-6,Coal,Female,AF,0,1,E2 level,
RT,R3,c,47,7-8,Coal,Female,AF,0,0,E2 level,stillbirth
RT,R3,c,48,9,Coal,Female,AF,0,0,E2 level,
RT,R3,c,40,0.1,Copper,Male,AM,,,,
RT,R3,c,41,0.2-0.3,Copper,Male,AM,,,,
RT,R3,c,42,0.4-0.5,Copper,Male,AM,,,,
RT,R3,c,43,1,Copper,Male,AM,,,,
RT,R3,c,44,2-3,Copper,Male,AM,,,,
RT,R3,c,45,4,Copper,Male,AM,,,,
RT,R3,c,46,5-6,Copper,Male,AM,,,,
RT,R3,c,47,7-8,Copper,Male,AM,,,,
RT,R3,c,48,9,Copper,Male,AM,,,,
RT,R3,c,40,0.1,Flouride,Female,JV,,,,
RT,R3,c,41,0.2-0.3,Flouride,Female,JV,,,,
RT,R3,c,42,0.4-0.5,Flouride,Female,JV,,,,
RT,R3,c,43,1,Flouride,Female,JV,,,,
RT,R3,c,44,2-3,Flouride,Female,JV,,,,
RT,R3,c,45,4,Flouride,Female,JV,,,,
RT,R3,c,46,5-6,Flouride,Female,JV,,,,
RT,R3,c,47,7-8,Flouride,Female,JV,,,,
RT,R3,c,48,9,Flouride,Female,JV,,,,
RT,R3,c,40,0.1,Gold,Female,AF,0,,no data,
RT,R3,c,41,0.2-0.3,Gold,Female,AF,0,,no data,
RT,R3,c,42,0.4-0.5,Gold,Female,AF,0,,no data,
RT,R3,c,43,1,Gold,Female,AF,0,1,inferred,
RT,R3,c,44,2-3,Gold,Female,AF,0,1,inferred,
RT,R3,c,45,4,Gold,Female,AF,0,1,inferred,
RT,R3,c,46,5-6,Gold,Female,AF,0,1,E2 level,
RT,R3,c,47,7-8,Gold,Female,AF,0,1,E2 level,
RT,R3,c,48,9,Gold,Female,AF,0,1,E2 level,
RT,R3,c,40,0.1,Iron,Female,AF,0,,no data,
RT,R3,c,41,0.2-0.3,Iron,Female,AF,0,,no data,
RT,R3,c,42,0.4-0.5,Iron,Female,AF,0,,no data,
RT,R3,c,43,1,Iron,Female,AF,0,,no data,
RT,R3,c,44,2-3,Iron,Female,AF,0,,no data,
RT,R3,c,45,4,Iron,Female,AF,0,,no data,
RT,R3,c,46,5-6,Iron,Female,AF,0,1,inferred,
RT,R3,c,47,7-8,Iron,Female,AF,0,1,inferred,
RT,R3,c,48,9,Iron,Female,AF,0,1,E2 level,
RT,R3,c,40,0.1,Magnesium,Female,SF,,,no data, 
RT,R3,c,41,0.2-0.3,Magnesium,Female,SF,,,no data,
RT,R3,c,42,0.4-0.5,Magnesium,Female,SF,,,no data,
RT,R3,c,43,1,Magnesium,Female,SF,,,no data,
RT,R3,c,44,2-3,Magnesium,Female,SF,,,no data,
RT,R3,c,45,4,Magnesium,Female,SF,,,no data,
RT,R3,c,46,5-6,Magnesium,Female,SF,,,no data,
RT,R3,c,47,7-8,Magnesium,Female,SF,,,no data,
RT,R3,c,48,9,Magnesium,Female,SF,,,no data,
RT,R3,c,40,0.1,Potassium,Female,AF,0,,no data,
RT,R3,c,41,0.2-0.3,Potassium,Female,AF,0,,no data,
RT,R3,c,42,0.4-0.5,Potassium,Female,AF,0,,no data,
RT,R3,c,43,1,Potassium,Female,AF,0,1,inferred,
RT,R3,c,44,2-3,Potassium,Female,AF,0,1,inferred,
RT,R3,c,45,4,Potassium,Female,AF,0,1,E2 level,
RT,R3,c,46,5-6,Potassium,Female,AF,0,1,E2 level,
RT,R3,c,47,7-8,Potassium,Female,AF,0,1,E2 level,
RT,R3,c,48,9,Potassium,Female,AF,0,1,E2 level,
RT,R3,c,40,0.1,Silver,Female,AF,0,,no data,
RT,R3,c,41,0.2-0.3,Silver,Female,AF,0,,no data,
RT,R3,c,42,0.4-0.5,Silver,Female,AF,0,,no data,
RT,R3,c,43,1,Silver,Female,AF,0,1,E2 level,
RT,R3,c,44,2-3,Silver,Female,AF,0,1,E2 level,
RT,R3,c,45,4,Silver,Female,AF,1,1,E2 level,
RT,R3,c,46,5-6,Silver,Female,AF,1,1,E2 level,
RT,R3,c,47,7-8,Silver,Female,AF,1,1,E2 level,
RT,R3,c,48,9,Silver,Female,AF,1,1,E2 level,
RT,R3,c,40,0.1,Sodium,Female,SF,,,no data,
RT,R3,c,41,0.2-0.3,Sodium,Female,SF,,,no data,
RT,R3,c,42,0.4-0.5,Sodium,Female,SF,,,no data,
RT,R3,c,43,1,Sodium,Female,SF,,,no data,
RT,R3,c,44,2-3,Sodium,Female,SF,,,no data,
RT,R3,c,45,4,Sodium,Female,SF,,,no data,
RT,R3,c,46,5-6,Sodium,Female,SF,,,no data,
RT,R3,c,47,7-8,Sodium,Female,SF,,,no data,
RT,R3,c,48,9,Sodium,Female,SF,,,no data,
RT,R3,c,40,0.1,Sulphur,Female,SF,0,,no data,
RT,R3,c,41,0.2-0.3,Sulphur,Female,SF,0,,no data,
RT,R3,c,42,0.4-0.5,Sulphur,Female,SF,0,,no data,
RT,R3,c,43,1,Sulphur,Female,AF,0,1,E2 level,
RT,R3,c,44,2-3,Sulphur,Female,AF,0,1,E2 level,
RT,R3,c,45,4,Sulphur,Female,AF,0,1,E2 level,
RT,R3,c,46,5-6,Sulphur,Female,AF,0,1,E2 level,
RT,R3,c,47,7-8,Sulphur,Female,AF,0,,no data,
RT,R3,c,48,9,Sulphur,Female,AF,0,,no data,
RT,R3,c,40,0.1,Tin,Male,SM,,,,
RT,R3,c,41,0.2-0.3,Tin,Male,SM,,,,
RT,R3,c,42,0.4-0.5,Tin,Male,SM,,,,
RT,R3,c,43,1,Tin,Male,SM,,,,
RT,R3,c,44,2-3,Tin,Male,SM,,,,
RT,R3,c,45,4,Tin,Male,SM,,,,
RT,R3,c,46,5-6,Tin,Male,SM,,,,
RT,R3,c,47,7-8,Tin,Male,SM,,,,
RT,R3,c,48,9,Tin,Male,SM,,,,
RT,R3,c,40,0.1,Zinc,Female,AF,0,,no data,
RT,R3,c,41,0.2-0.3,Zinc,Female,AF,0,,no data,
RT,R3,c,42,0.4-0.5,Zinc,Female,AF,0,,no data,
RT,R3,c,43,1,Zinc,Female,AF,0,1,E2 level,
RT,R3,c,44,2-3,Zinc,Female,AF,0,1,E2 level,
RT,R3,c,45,4,Zinc,Female,AF,0,1,E2 level,
RT,R3,c,46,5-6,Zinc,Female,AF,0,1,E2 level,
RT,R3,c,47,7-8,Zinc,Female,AF,1,10,E2 level,
RT,R3,c,48,9,Zinc,Female,AF,1,0,dInfant,
RT,R3,g,68,10-11,Aluminum,Female,AF,1,0,E2 level,
RT,R3,g,69,12-13,Aluminum,Female,AF,1,0,E2 level,
RT,R3,g,70,14-15,Aluminum,Female,AF,1,0,E2 level,
RT,R3,g,71,16,Aluminum,Female,AF,1,,no data,
RT,R3,g,68,10-11,Argon,Female,AF,0,0,E2 level,
RT,R3,g,69,12-13,Argon,Female,AF,0,0,E2 level,
RT,R3,g,70,14-15,Argon,Female,AF,0,0,E2 level,
RT,R3,g,71,16,Argon,Female,AF,0,0,E2 level,
RT,R3,g,68,10-11,Calcium,Female,AF,0,0,E2 level,
RT,R3,g,69,12-13,Calcium,Female,AF,0,0,E2 level,
RT,R3,g,70,14-15,Calcium,Female,AF,0,0,E2 level,
RT,R3,g,71,16,Calcium,Female,AF,0,0,E2 level,
RT,R3,g,68,10-11,Carbon,Female,AF,0,,to do,
RT,R3,g,69,12-13,Carbon,Female,AF,0,,to do,
RT,R3,g,70,14-15,Carbon,Female,AF,0,,to do,
RT,R3,g,71,16,Carbon,Female,AF,0,,to do,
RT,R3,g,68,10-11,Chlorine,Female,AF,0,0,E2 level,
RT,R3,g,69,12-13,Chlorine,Female,AF,0,0,E2 level,
RT,R3,g,70,14-15,Chlorine,Female,AF,0,0,E2 level,
RT,R3,g,71,16,Chlorine,Female,AF,0,,no data,
RT,R3,g,68,10-11,Coal,Female,AF,0,0,E2 level,
RT,R3,g,69,12-13,Coal,Female,AF,0,0,E2 level,
RT,R3,g,70,14-15,Coal,Female,AF,0,0,E2 level,
RT,R3,g,71,16,Coal,Female,AF,0,,no data,
RT,R3,g,68,10-11,Copper,Male,AM,,,,
RT,R3,g,69,12-13,Copper,Male,AM,,,,
RT,R3,g,70,14-15,Copper,Male,AM,,,,
RT,R3,g,71,16,Copper,Male,AM,,,,
RT,R3,g,68,10-11,Flouride,Female,SF,,,,
RT,R3,g,69,12-13,Flouride,Female,SF,,,,
RT,R3,g,70,14-15,Flouride,Female,SF,,,,
RT,R3,g,71,16,Flouride,Female,SF,,,,
RT,R3,g,68,10-11,Gold,Female,AF,0,,no data,
RT,R3,g,69,12-13,Gold,Female,AF,0,0,E2 level,
RT,R3,g,70,14-15,Gold,Female,AF,0,0,E2 level,
RT,R3,g,71,16,Gold,Female,AF,0,0,E2 level,
RT,R3,g,68,10-11,Iron,Female,AF,0,,no data,
RT,R3,g,69,12-13,Iron,Female,AF,0,0,E2 level,
RT,R3,g,70,14-15,Iron,Female,AF,0,0,E2 level,
RT,R3,g,71,16,Iron,Female,AF,0,,no data,
RT,R3,g,68,10-11,Magnesium,Female,AF,0,0,E2 level,
RT,R3,g,69,12-13,Magnesium,Female,AF,0,0,E2 level,
RT,R3,g,70,14-15,Magnesium,Female,AF,0,,no data,
RT,R3,g,71,16,Magnesium,Female,AF,0,,no data,
RT,R3,g,68,10-11,Potassium,Female,AF,0,0,E2 level,
RT,R3,g,69,12-13,Potassium,Female,AF,0,0,E2 level,
RT,R3,g,70,14-15,Potassium,Female,AF,0,0,E2 level,
RT,R3,g,71,16,Potassium,Female,AF,0,,no data,
RT,R3,g,68,10-11,Silver,Female,AF,0,0,E2 level,
RT,R3,g,69,12-13,Silver,Female,AF,0,0,E2 level,
RT,R3,g,70,14-15,Silver,Female,AF,0,0,E2 level,
RT,R3,g,71,16,Silver,Female,AF,0,0,E2 level,
RT,R3,g,68,10-11,Sodium,Female,SF/AF,0,,no data,
RT,R3,g,69,12-13,Sodium,Female,SF/AF,0,0,E2 level,
RT,R3,g,70,14-15,Sodium,Female,SF/AF,0,,no data,
RT,R3,g,71,16,Sodium,Female,SF/AF,0,0,E2 level,
RT,R3,g,68,10-11,Sulphur,Female,AF,1,0,dInfant,
RT,R3,g,69,12-13,Sulphur,Female,AF,1,0,dInfant,
RT,R3,g,70,14-15,Sulphur,Female,AF,1,0,dInfant,
RT,R3,g,71,16,Sulphur,Female,AF,1,0,dInfant,
RT,R3,g,68,10-11,Tin,Male,SM,,,,
RT,R3,g,69,12-13,Tin,Male,SM,,,,
RT,R3,g,70,14-15,Tin,Male,SM,,,,
RT,R3,g,71,16,Tin,Male,SM,,,,
RT,R3,g,68,10-11,Zinc,Female,AF,0,0,E2 level,
RT,R3,g,69,12-13,Zinc,Female,AF,0,0,E2 level,
RT,R3,g,70,14-15,Zinc,Female,AF,0,0,E2 level,
RT,R3,g,71,16,Zinc,Female,AF,0,0,E2 level,
RT,R4,d,48,0.1,Andromeda,Female,AF,0,1,birth,
RT,R4,d,49,0.2-0.3,Andromeda,Female,AF,0,1,birth,
RT,R4,d,50,0.4 - 1,Andromeda,Female,AF,1,0,dInfant,
RT,R4,d,51,2-3,Andromeda,Female,AF,1,0,dInfant,
RT,R4,d,52,4,Andromeda,Female,AF,1,0,dInfant,
RT,R4,d,53,5-6,Andromeda,Female,AF,1,0,dInfant,
RT,R4,d,48,0.1,Earth,Male,AM,,,,
RT,R4,d,49,0.2-0.3,Earth,Male,AM,,,,
RT,R4,d,50,0.4 - 1,Earth,Male,AM,,,,
RT,R4,d,51,2-3,Earth,Male,AM,,,,
RT,R4,d,52,4,Earth,Male,AM,,,,
RT,R4,d,53,5-6,Earth,Male,AM,,,,
RT,R4,d,48,0.1,Indian,Male,SM,,,,
RT,R4,d,49,0.2-0.3,Indian,Male,SM,,,,
RT,R4,d,50,0.4 - 1,Indian,Male,SM,,,,
RT,R4,d,51,2-3,Indian,Male,SM,,,,
RT,R4,d,52,4,Indian,Male,SM,,,,
RT,R4,d,53,5-6,Indian,Male,SM,,,,
RT,R4,d,48,0.1,Jupiter,Female,AF,0,1,birth,
RT,R4,d,49,0.2-0.3,Jupiter,Female,AF,0,1,birth,
RT,R4,d,50,0.4 - 1,Jupiter,Female,AF,0,1,birth,
RT,R4,d,51,2-3,Jupiter,Female,AF,0,1,birth,
RT,R4,d,52,4,Jupiter,Female,AF,0,1,birth,
RT,R4,d,53,5-6,Jupiter,Female,AF,1,0,dInfant,
RT,R4,d,48,0.1,Luna,Female,AF,0,1,birth,
RT,R4,d,49,0.2-0.3,Luna,Female,AF,0,1,birth,
RT,R4,d,50,0.4 - 1,Luna,Female,AF,1,0,dInfant,
RT,R4,d,51,2-3,Luna,Female,AF,1,0,dInfant,
RT,R4,d,52,4,Luna,Female,AF,1,0,dInfant,
RT,R4,d,53,5-6,Luna,Female,AF,1,0,dInfant,
RT,R4,d,48,0.1,Mars,Female,AF,0,1,inferred,
RT,R4,d,49,0.2-0.3,Mars,Female,AF,0,1,E2 level,
RT,R4,d,50,0.4 - 1,Mars,Female,AF,0,1,E2 level,
RT,R4,d,51,2-3,Mars,Female,AF,0,1,E2 level,
RT,R4,d,52,4,Mars,Female,AF,0,,no data,
RT,R4,d,53,5-6,Mars,Female,AF,0,,no data,
RT,R4,d,48,0.1,Moon,Female,SF,,,,
RT,R4,d,49,0.2-0.3,Moon,Female,SF,,,,
RT,R4,d,50,0.4 - 1,Moon,Female,SF,,,,
RT,R4,d,51,2-3,Moon,Female,SF,,,,
RT,R4,d,52,4,Moon,Female,SF,,,,
RT,R4,d,53,5-6,Moon,Female,SF,,,,
RT,R4,d,48,0.1,Pacific,Female,SF,,,,
RT,R4,d,49,0.2-0.3,Pacific,Female,SF,,,,
RT,R4,d,50,0.4 - 1,Pacific,Female,SF,,,,
RT,R4,d,51,2-3,Pacific,Female,SF,,,,
RT,R4,d,52,4,Pacific,Female,SF,,,,
RT,R4,d,53,5-6,Pacific,Female,SF,,,,
RT,R4,d,48,0.1,Pluto,Female,AF,0,,no data,
RT,R4,d,49,0.2-0.3,Pluto,Female,AF,0,,no data,
RT,R4,d,50,0.4 - 1,Pluto,Female,AF,0,0,E2 level,
RT,R4,d,51,2-3,Pluto,Female,AF,0,0,E2 level,
RT,R4,d,52,4,Pluto,Female,AF,0,0,E2 level,
RT,R4,d,53,5-6,Pluto,Female,AF,0,0,E2 level,
RT,R4,d,48,0.1,Sky,Female,AF,0,,no data,
RT,R4,d,49,0.2-0.3,Sky,Female,AF,0,,no data,
RT,R4,d,50,0.4 - 1,Sky,Female,AF,0,,no data,
RT,R4,d,51,2-3,Sky,Female,AF,0,,no data,
RT,R4,d,52,4,Sky,Female,AF,0,,no data,
RT,R4,d,53,5-6,Sky,Female,AF,0,,no data,
RT,R4,d,48,0.1,Uranus,Female,AF,0,,no data,
RT,R4,d,49,0.2-0.3,Uranus,Female,AF,0,,no data,
RT,R4,d,50,0.4 - 1,Uranus,Female,AF,0,1,E2 level,
RT,R4,d,51,2-3,Uranus,Female,AF,0,10,E2 level,
RT,R4,d,52,4,Uranus,Female,AF,0,0,E2 level,
RT,R4,d,53,5-6,Uranus,Female,AF,0,,no data,
RT,R4,d,48,0.1,Venus,Female,AF,0,,no data,
RT,R4,d,49,0.2-0.3,Venus,Female,AF,0,1,inferred,
RT,R4,d,50,0.4 - 1,Venus,Female,AF,0,1,E2 level,
RT,R4,d,51,2-3,Venus,Female,AF,0,0,E2 level,stillbirth?
RT,R4,d,52,4,Venus,Female,AF,0,0,E2 level,
RT,R4,d,53,5-6,Venus,Female,AF,0,0,E2 level,
RT,R4,d,48,0.1,Victoria,Unknown,JV,,,,
RT,R4,d,49,0.2-0.3,Victoria,Unknown,JV,,,,
RT,R4,d,50,0.4 - 1,Victoria,Unknown,JV,,,,
RT,R4,d,51,2-3,Victoria,Unknown,JV,,,,
RT,R4,d,52,4,Victoria,Unknown,JV,,,,
RT,R4,d,53,5-6,Victoria,Unknown,JV,,,,
RT,R4,f,63,7-8,Andromeda,Female,AF,0,0,E2 level,
RT,R4,f,64,9,Andromeda,Female,AF,0,0,E2 level,
RT,R4,f,65,10,Andromeda,Female,AF,0,0,E2 level,
RT,R4,f,66,11,Andromeda,Female,AF,0,0,E2 level,
RT,R4,f,67,12,Andromeda,Female,AF,0,0,E2 level,
RT,R4,f,63,7-8,Earth,Male,AM,,,,
RT,R4,f,64,9,Earth,Male,AM,,,,
RT,R4,f,65,10,Earth,Male,AM,,,,
RT,R4,f,66,11,Earth,Male,AM,,,,
RT,R4,f,67,12,Earth,Male,AM,,,,
RT,R4,f,63,7-8,Indian,Male,SM,,,,
RT,R4,f,64,9,Indian,Male,SM,,,,
RT,R4,f,65,10,Indian,Male,SM,,,,
RT,R4,f,66,11,Indian,Male,SM,,,,
RT,R4,f,67,12,Indian,Male,SM,,,,
RT,R4,f,63,7-8,Jupiter,Female,AF,0,1,E2 level,
RT,R4,f,64,9,Jupiter,Female,AF,0,,no data,
RT,R4,f,65,10,Jupiter,Female,AF,0,,no data,
RT,R4,f,66,11,Jupiter,Female,,,,,missing from group
RT,R4,f,67,12,Jupiter,Female,,,,,missing from group
RT,R4,f,63,7-8,Luna,Female,AF,0,0,E2 level,
RT,R4,f,64,9,Luna,Female,AF,0,0,E2 level,
RT,R4,f,65,10,Luna,Female,AF,0,0,E2 level,
RT,R4,f,66,11,Luna,Female,AF,0,0,E2 level,
RT,R4,f,67,12,Luna,Female,AF,0,0,E2 level,
RT,R4,f,63,7-8,Mars,Female,AF,1,0,dInfant,
RT,R4,f,64,9,Mars,Female,AF,1,0,dInfant,
RT,R4,f,65,10,Mars,Female,AF,1,0,dInfant,
RT,R4,f,66,11,Mars,Female,AF,1,0,dInfant,
RT,R4,f,67,12,Mars,Female,AF,1,0,dInfant,
RT,R4,f,63,7-8,Moon,Female,AF,0,0,E2 level,
RT,R4,f,64,9,Moon,Female,AF,0,0,E2 level,
RT,R4,f,65,10,Moon,Female,AF,0,0,E2 level,
RT,R4,f,66,11,Moon,Female,AF,0,0,E2 level,
RT,R4,f,67,12,Moon,Female,AF,0,0,E2 level,
RT,R4,f,63,7-8,Pacific,Female,AF,0,0,E2 level,
RT,R4,f,64,9,Pacific,Female,AF,0,0,E2 level,
RT,R4,f,65,10,Pacific,Female,AF,0,0,E2 level,
RT,R4,f,66,11,Pacific,Female,AF,0,0,E2 level,
RT,R4,f,67,12,Pacific,Female,AF,0,0,E2 level,
RT,R4,f,63,7-8,Pluto,Female,AF,1,0,E2 level,
RT,R4,f,64,9,Pluto,Female,AF,1,0,E2 level,
RT,R4,f,65,10,Pluto,Female,AF,1,0,E2 level,
RT,R4,f,66,11,Pluto,Female,AF,1,0,E2 level,
RT,R4,f,67,12,Pluto,Female,AF,1,0,E2 level,
RT,R4,f,63,7-8,Sky,Female,AF,0,0,E2 level,
RT,R4,f,64,9,Sky,Female,AF,0,0,E2 level,
RT,R4,f,65,10,Sky,Female,AF,0,0,E2 level,
RT,R4,f,66,11,Sky,Female,AF,0,0,E2 level,
RT,R4,f,67,12,Sky,Female,AF,0,0,E2 level,
RT,R4,f,63,7-8,Uranus,Female,AF,0,0,E2 level,
RT,R4,f,64,9,Uranus,Female,AF,0,0,E2 level,
RT,R4,f,65,10,Uranus,Female,AF,0,0,E2 level,
RT,R4,f,66,11,Uranus,Female,AF,0,0,E2 level,
RT,R4,f,67,12,Uranus,Female,AF,0,0,E2 level,
RT,R4,f,63,7-8,Venus,Female,AF,1,0,E2 level,
RT,R4,f,64,9,Venus,Female,AF,1,0,E2 level,
RT,R4,f,65,10,Venus,Female,AF,1,0,E2 level,
RT,R4,f,66,11,Venus,Female,AF,1,0,E2 level,
RT,R4,f,67,12,Venus,Female,AF,1,0,E2 level,
RT,R4,f,63,7-8,Victoria,Unknown,SA,,,,
RT,R4,f,64,9,Victoria,Unknown,SA,,,,
RT,R4,f,65,10,Victoria,Unknown,SA,,,,
RT,R4,f,66,11,Victoria,Unknown,SA,,,,
RT,R4,f,67,12,Victoria,Unknown,SA,,,,
RT,R5,b,28,0.1,Alex,Male,JV,,,,
RT,R5,b,29,0.2-0.3,Alex,Male,JV,,,,
RT,R5,b,29.5,0.4,Alex,Male,JV,,,,
RT,R5,b,30,0.5 - 1,Alex,Male,JV,,,,
RT,R5,b,32,2,Alex,Male,JV,,,,
RT,R5,b,34,3,Alex,Male,JV,,,,
RT,R5,b,36,4,Alex,Male,JV,,,,
RT,R5,b,38,5,Alex,Male,JV,,,,
RT,R5,b,28,0.1,Annette,Female,AF,0,,no data,
RT,R5,b,29,0.2-0.3,Annette,Female,AF,0,,no data,
RT,R5,b,29.5,0.4,Annette,Female,AF,0,,no data,
RT,R5,b,30,0.5 - 1,Annette,Female,AF,0,,no data,
RT,R5,b,32,2,Annette,Female,AF,0,,no data,
RT,R5,b,34,3,Annette,Female,AF,0,,no data,
RT,R5,b,36,4,Annette,Female,AF,0,,no data,
RT,R5,b,38,5,Annette,Female,AF,0,,no data,
RT,R5,b,28,0.1,Carter,Male,AM,,,,
RT,R5,b,29,0.2-0.3,Carter,Male,AM,,,,
RT,R5,b,29.5,0.4,Carter,Male,AM,,,,
RT,R5,b,30,0.5 - 1,Carter,Male,AM,,,,
RT,R5,b,32,2,Carter,Male,AM,,,,
RT,R5,b,34,3,Carter,Male,AM,,,,
RT,R5,b,36,4,Carter,Male,AM,,,,
RT,R5,b,38,5,Carter,Male,AM,,,,
RT,R5,b,28,0.1,Chris,Female,JV,,,,
RT,R5,b,29,0.2-0.3,Chris,Female,JV,,,,
RT,R5,b,29.5,0.4,Chris,Female,JV,,,,
RT,R5,b,30,0.5 - 1,Chris,Female,JV,,,,
RT,R5,b,32,2,Chris,Female,JV,,,,
RT,R5,b,34,3,Chris,Female,JV,,,,
RT,R5,b,36,4,Chris,Female,JV,,,,
RT,R5,b,38,5,Chris,Female,JV,,,,
RT,R5,b,28,0.1,Dizzy,Female,AF,1,0,dInfant,
RT,R5,b,29,0.2-0.3,Dizzy,Female,AF,1,0,dInfant,
RT,R5,b,29.5,0.4,Dizzy,Female,AF,1,0,dInfant,
RT,R5,b,30,0.5 - 1,Dizzy,Female,AF,1,0,dInfant,
RT,R5,b,32,2,Dizzy,Female,AF,0,,no data,
RT,R5,b,34,3,Dizzy,Female,AF,0,,no data,
RT,R5,b,36,4,Dizzy,Female,AF,0,,no data,
RT,R5,b,38,5,Dizzy,Female,AF,0,,no data,
RT,R5,b,28,0.1,Doreen,Female,AF,1,0,dInfant,
RT,R5,b,29,0.2-0.3,Doreen,Female,AF,1,0,dInfant,
RT,R5,b,29.5,0.4,Doreen,Female,AF,1,0,dInfant,
RT,R5,b,30,0.5 - 1,Doreen,Female,AF,1,0,dInfant,
RT,R5,b,32,2,Doreen,Female,AF,1,0,dInfant,
RT,R5,b,34,3,Doreen,Female,AF,0,,no data,
RT,R5,b,36,4,Doreen,Female,AF,0,,no data,
RT,R5,b,38,5,Doreen,Female,AF,0,,no data,
RT,R5,b,28,0.1,Edith,Female,AF,0,1,birth,
RT,R5,b,29,0.2-0.3,Edith,Female,AF,0,1,birth,
RT,R5,b,29.5,0.4,Edith,Female,AF,0,1,birth,
RT,R5,b,30,0.5 - 1,Edith,Female,AF,0,1,birth,
RT,R5,b,32,2,Edith,Female,AF,0,1,birth,
RT,R5,b,34,3,Edith,Female,AF,1,0,dInfant,
RT,R5,b,36,4,Edith,Female,AF,1,0,dInfant,
RT,R5,b,38,5,Edith,Female,AF,1,0,dInfant,
RT,R5,b,28,0.1,Ellen,Female,JV,,,,
RT,R5,b,29,0.2-0.3,Ellen,Female,JV,,,,
RT,R5,b,29.5,0.4,Ellen,Female,JV,,,,
RT,R5,b,30,0.5 - 1,Ellen,Female,JV,,,,
RT,R5,b,32,2,Ellen,Female,JV,,,,
RT,R5,b,34,3,Ellen,Female,JV,,,,
RT,R5,b,36,4,Ellen,Female,JV,,,,
RT,R5,b,38,5,Ellen,Female,JV,,,,
RT,R5,b,28,0.1,Jack,Female,JV,,,,
RT,R5,b,29,0.2-0.3,Jack,Female,JV,,,,
RT,R5,b,29.5,0.4,Jack,Female,JV,,,,
RT,R5,b,30,0.5 - 1,Jack,Female,JV,,,,
RT,R5,b,32,2,Jack,Female,JV,,,,
RT,R5,b,34,3,Jack,Female,JV,,,,
RT,R5,b,36,4,Jack,Female,JV,,,,
RT,R5,b,38,5,Jack,Female,JV,,,,
RT,R5,b,28,0.1,Jane,Female,AF,0,,no data,
RT,R5,b,29,0.2-0.3,Jane,Female,AF,0,,no data,
RT,R5,b,29.5,0.4,Jane,Female,AF,0,,no data,
RT,R5,b,30,0.5 - 1,Jane,Female,AF,0,,no data,
RT,R5,b,32,2,Jane,Female,AF,0,,no data,
RT,R5,b,34,3,Jane,Female,AF,0,,no data,
RT,R5,b,36,4,Jane,Female,AF,0,,no data,
RT,R5,b,38,5,Jane,Female,AF,0,,no data,
RT,R5,b,28,0.1,Joy,Female,JV,,,,
RT,R5,b,29,0.2-0.3,Joy,Female,JV,,,,
RT,R5,b,29.5,0.4,Joy,Female,JV,,,,
RT,R5,b,30,0.5 - 1,Joy,Female,JV,,,,
RT,R5,b,32,2,Joy,Female,JV,,,,
RT,R5,b,34,3,Joy,Female,JV,,,,
RT,R5,b,36,4,Joy,Female,JV,,,,
RT,R5,b,38,5,Joy,Female,JV,,,,
RT,R5,b,28,0.1,Julie,Female,AF,0,1,birth,
RT,R5,b,29,0.2-0.3,Julie,Female,AF,0,1,birth,
RT,R5,b,29.5,0.4,Julie,Female,AF,0,1,birth,
RT,R5,b,30,0.5 - 1,Julie,Female,AF,0,1,birth,
RT,R5,b,32,2,Julie,Female,AF,0,1,birth,
RT,R5,b,34,3,Julie,Female,AF,1,0,dInfant,
RT,R5,b,36,4,Julie,Female,AF,1,0,dInfant,
RT,R5,b,38,5,Julie,Female,AF,1,0,dInfant,
RT,R5,b,28,0.1,Kate,Female,AF,0,,no data,
RT,R5,b,29,0.2-0.3,Kate,Female,AF,0,,no data,
RT,R5,b,29.5,0.4,Kate,Female,AF,0,,no data,
RT,R5,b,30,0.5 - 1,Kate,Female,AF,0,,no data,
RT,R5,b,32,2,Kate,Female,AF,0,,no data,
RT,R5,b,34,3,Kate,Female,AF,0,,no data,
RT,R5,b,36,4,Kate,Female,AF,0,,no data,
RT,R5,b,38,5,Kate,Female,AF,0,,no data,
RT,R5,b,28,0.1,Light,Female,AF,1,0,dInfant,
RT,R5,b,29,0.2-0.3,Light,Female,AF,1,0,dInfant,
RT,R5,b,29.5,0.4,Light,Female,AF,1,0,dInfant,
RT,R5,b,30,0.5 - 1,Light,Female,AF,1,0,dInfant,
RT,R5,b,32,2,Light,Female,AF,0,,no data,
RT,R5,b,34,3,Light,Female,AF,0,,no data,
RT,R5,b,36,4,Light,Female,AF,0,,no data,
RT,R5,b,38,5,Light,Female,AF,0,,no data,
RT,R5,b,28,0.1,Mark,Male,,,,,
RT,R5,b,29,0.2-0.3,Mark,Male,,,,,
RT,R5,b,29.5,0.4,Mark,Male,,,,,
RT,R5,b,30,0.5 - 1,Mark,Male,,,,,
RT,R5,b,32,2,Mark,Male,,,,,
RT,R5,b,34,3,Mark,Male,,,,,
RT,R5,b,36,4,Mark,Male,,,,,
RT,R5,b,38,5,Mark,Male,,,,,
RT,R5,b,28,0.1,Patrick,Female,JV,,,,
RT,R5,b,29,0.2-0.3,Patrick,Female,JV,,,,
RT,R5,b,29.5,0.4,Patrick,Female,JV,,,,
RT,R5,b,30,0.5 - 1,Patrick,Female,JV,,,,
RT,R5,b,32,2,Patrick,Female,JV,,,,
RT,R5,b,34,3,Patrick,Female,JV,,,,
RT,R5,b,36,4,Patrick,Female,JV,,,,
RT,R5,b,38,5,Patrick,Female,JV,,,,
RT,R5,b,28,0.1,Ringtail,Female,AF,0,,no data,
RT,R5,b,29,0.2-0.3,Ringtail,Female,AF,0,,no data,
RT,R5,b,29.5,0.4,Ringtail,Female,AF,0,,no data,
RT,R5,b,30,0.5 - 1,Ringtail,Female,AF,0,,no data,
RT,R5,b,32,2,Ringtail,Female,AF,0,,no data,
RT,R5,b,34,3,Ringtail,Female,AF,0,,no data,
RT,R5,b,36,4,Ringtail,Female,AF,0,,no data,
RT,R5,b,38,5,Ringtail,Female,AF,0,,no data,
RT,R5,b,28,0.1,Robert,Male,SM,,,,
RT,R5,b,29,0.2-0.3,Robert,Male,SM,,,,
RT,R5,b,29.5,0.4,Robert,Male,SM,,,,
RT,R5,b,30,0.5 - 1,Robert,Male,SM,,,,
RT,R5,b,32,2,Robert,Male,SM,,,,
RT,R5,b,34,3,Robert,Male,SM,,,,
RT,R5,b,36,4,Robert,Male,SM,,,,
RT,R5,b,38,5,Robert,Male,SM,,,,
RT,R5,b,28,0.1,Rose,Female,AF,0,1,birth,
RT,R5,b,29,0.2-0.3,Rose,Female,AF,0,1,birth,
RT,R5,b,29.5,0.4,Rose,Female,AF,0,1,birth,
RT,R5,b,30,0.5 - 1,Rose,Female,AF,0,1,birth,
RT,R5,b,32,2,Rose,Female,AF,0,1,birth,
RT,R5,b,34,3,Rose,Female,AF,1,1,birth,
RT,R5,b,36,4,Rose,Female,AF,1,0,dInfant,
RT,R5,b,38,5,Rose,Female,AF,1,0,dInfant,
RT,R5,b,28,0.1,Sarah,Female,AF,0,,no data,
RT,R5,b,29,0.2-0.3,Sarah,Female,AF,0,,no data,
RT,R5,b,29.5,0.4,Sarah,Female,AF,0,,no data,
RT,R5,b,30,0.5 - 1,Sarah,Female,AF,0,,no data,
RT,R5,b,32,2,Sarah,Female,AF,0,,no data,
RT,R5,b,34,3,Sarah,Female,AF,0,,no data,
RT,R5,b,36,4,Sarah,Female,AF,0,,no data,
RT,R5,b,38,5,Sarah,Female,AF,0,,no data,
RT,R5,b,28,0.1,Teddy,Female,AF,0,,no data,
RT,R5,b,29,0.2-0.3,Teddy,Female,AF,0,,no data,
RT,R5,b,29.5,0.4,Teddy,Female,AF,0,,no data,
RT,R5,b,30,0.5 - 1,Teddy,Female,AF,0,,no data,
RT,R5,b,32,2,Teddy,Female,AF,0,,no data,
RT,R5,b,34,3,Teddy,Female,AF,0,,no data,
RT,R5,b,36,4,Teddy,Female,AF,0,,no data,
RT,R5,b,38,5,Teddy,Female,AF,0,,no data,
RT,R5,b,28,0.1,Topista,Female,AF,0,1,birth,
RT,R5,b,29,0.2-0.3,Topista,Female,AF,0,1,birth,
RT,R5,b,29.5,0.4,Topista,Female,AF,0,1,birth,
RT,R5,b,30,0.5 - 1,Topista,Female,AF,1,0,dInfant,
RT,R5,b,32,2,Topista,Female,AF,1,0,dInfant,
RT,R5,b,34,3,Topista,Female,AF,1,0,dInfant,
RT,R5,b,36,4,Topista,Female,AF,1,0,dInfant,
RT,R5,b,38,5,Topista,Female,AF,1,0,dInfant,
RT,R5,e,57,6-7,Alex,Male,JV,,,,
RT,R5,e,58,8-9,Alex,Male,JV,,,,
RT,R5,e,59,10-11,Alex,Male,JV,,,,
RT,R5,e,60,12-13,Alex,Male,JV,,,,
RT,R5,e,61,14-15,Alex,Male,JV,,,,
RT,R5,e,62,16-17,Alex,Male,JV,,,,
RT,R5,e,62.25,18,Alex,Male,JV,,,,
RT,R5,e,57,6-7,Annette,Female,AF,0,1,E2 level,
RT,R5,e,58,8-9,Annette,Female,AF,0,1,E2 level,
RT,R5,e,59,10-11,Annette,Female,AF,0,1,E2 level,
RT,R5,e,60,12-13,Annette,Female,AF,0,1,E2 level,
RT,R5,e,61,14-15,Annette,Female,AF,0,1,E2 level,
RT,R5,e,62,16-17,Annette,Female,AF,0,1,E2 level,
RT,R5,e,62.25,18,Annette,Female,AF,0,1,E2 level,
RT,R5,e,57,6-7,Carter,Male,AM,,,,Disappeared before next WoP
RT,R5,e,58,8-9,Carter,Male,,,,,
RT,R5,e,59,10-11,Carter,Male,,,,,
RT,R5,e,60,12-13,Carter,Male,,,,,
RT,R5,e,61,14-15,Carter,Male,,,,,
RT,R5,e,62,16-17,Carter,Male,,,,,
RT,R5,e,62.25,18,Carter,Male,,,,,
RT,R5,e,57,6-7,Chris,Female,AF,0,,no data,
RT,R5,e,58,8-9,Chris,Female,AF,0,,no data,
RT,R5,e,59,10-11,Chris,Female,AF,0,,no data,
RT,R5,e,60,12-13,Chris,Female,AF,0,0,E2 level,
RT,R5,e,61,14-15,Chris,Female,AF,0,0,E2 level,
RT,R5,e,62,16-17,Chris,Female,AF,0,,no data,
RT,R5,e,62.25,18,Chris,Female,AF,0,,no data,
RT,R5,e,57,6-7,Dizzy,Female,AF,0,0,E2 level,
RT,R5,e,58,8-9,Dizzy,Female,AF,0,0,E2 level,
RT,R5,e,59,10-11,Dizzy,Female,AF,0,0,E2 level,
RT,R5,e,60,12-13,Dizzy,Female,AF,0,0,E2 level & mating,Dizzy mates w/ Mark
RT,R5,e,61,14-15,Dizzy,Female,AF,0,1,E2 level,
RT,R5,e,62,16-17,Dizzy,Female,AF,0,1,inferred,
RT,R5,e,62.25,18,Dizzy,Female,AF,0,1,inferred,
RT,R5,e,57,6-7,Doreen,Female,AF,0,1,birth,
RT,R5,e,58,8-9,Doreen,Female,AF,0,1,birth,
RT,R5,e,59,10-11,Doreen,Female,AF,0,1,birth,
RT,R5,e,60,12-13,Doreen,Female,AF,0,1,birth,
RT,R5,e,61,14-15,Doreen,Female,AF,1,0,dInfant,
RT,R5,e,62,16-17,Doreen,Female,AF,1,0,dInfant,
RT,R5,e,62.25,18,Doreen,Female,AF,1,0,dInfant,
RT,R5,e,57,6-7,Edith,Female,AF,0,1,birth,Edith mates w/ Mark
RT,R5,e,58,8-9,Edith,Female,AF,0,1,birth,Edith mates w/ Mark
RT,R5,e,59,10-11,Edith,Female,AF,0,1,birth,Edith mates w/ Mark
RT,R5,e,60,12-13,Edith,Female,AF,1,0,dInfant,
RT,R5,e,61,14-15,Edith,Female,AF,1,0,dInfant,
RT,R5,e,62,16-17,Edith,Female,AF,1,0,dInfant,
RT,R5,e,62.25,18,Edith,Female,AF,1,0,dInfant,
RT,R5,e,57,6-7,Ellen,Female,SF,,,,
RT,R5,e,58,8-9,Ellen,Female,SF,,,,
RT,R5,e,59,10-11,Ellen,Female,SF,,,,
RT,R5,e,60,12-13,Ellen,Female,SF,,,,
RT,R5,e,61,14-15,Ellen,Female,SF,,,,
RT,R5,e,62,16-17,Ellen,Female,SF,,,,
RT,R5,e,62.25,18,Ellen,Female,SF,,,,
RT,R5,e,57,6-7,Jack,Female,SF,,,,
RT,R5,e,58,8-9,Jack,Female,SF,,,,
RT,R5,e,59,10-11,Jack,Female,SF,,,,
RT,R5,e,60,12-13,Jack,Female,SF,,,,
RT,R5,e,61,14-15,Jack,Female,SF,,,,
RT,R5,e,62,16-17,Jack,Female,SF,,,,
RT,R5,e,62.25,18,Jack,Female,SF,,,,
RT,R5,e,57,6-7,Jane,Female,AF,0,1,birth,Jane mates w/ Mark
RT,R5,e,58,8-9,Jane,Female,AF,0,1,birth,
RT,R5,e,59,10-11,Jane,Female,AF,0,1,birth,
RT,R5,e,60,12-13,Jane,Female,AF,1,0,dInfant,
RT,R5,e,61,14-15,Jane,Female,AF,1,0,dInfant,
RT,R5,e,62,16-17,Jane,Female,AF,1,0,dInfant,
RT,R5,e,62.25,18,Jane,Female,AF,1,0,dInfant,
RT,R5,e,57,6-7,Joy,Female,SF,,,,
RT,R5,e,58,8-9,Joy,Female,SF,,,,
RT,R5,e,59,10-11,Joy,Female,SF,,,,
RT,R5,e,60,12-13,Joy,Female,SF,,,,
RT,R5,e,61,14-15,Joy,Female,SF,,,,
RT,R5,e,62,16-17,Joy,Female,SF,,,,
RT,R5,e,62.25,18,Joy,Female,SF,,,,
RT,R5,e,57,6-7,Julie,Female,AF,0,1,birth,Julie mates w/ Mark
RT,R5,e,58,8-9,Julie,Female,AF,0,1,birth,
RT,R5,e,59,10-11,Julie,Female,AF,0,1,birth,
RT,R5,e,60,12-13,Julie,Female,AF,0,1,birth,
RT,R5,e,61,14-15,Julie,Female,AF,0,1,birth,
RT,R5,e,62,16-17,Julie,Female,AF,1,0,dInfant,
RT,R5,e,62.25,18,Julie,Female,AF,1,0,dInfant,
RT,R5,e,57,6-7,Kate,Female,AF,0,1,inferred,
RT,R5,e,58,8-9,Kate,Female,AF,0,1,E2 level,Kate mates w/ Mark
RT,R5,e,59,10-11,Kate,Female,AF,0,0,E2 level,looks like a miscarriage
RT,R5,e,60,12-13,Kate,Female,AF,0,0,E2 level,
RT,R5,e,61,14-15,Kate,Female,AF,0,0,E2 level,
RT,R5,e,62,16-17,Kate,Female,AF,0,0,E2 level,
RT,R5,e,62.25,18,Kate,Female,AF,0,0,E2 level,
RT,R5,e,57,6-7,Light,Female,AF,0,1,birth,
RT,R5,e,58,8-9,Light,Female,AF,0,1,birth,
RT,R5,e,59,10-11,Light,Female,AF,0,1,birth,
RT,R5,e,60,12-13,Light,Female,AF,0,1,birth,
RT,R5,e,61,14-15,Light,Female,AF,0,1,birth,
RT,R5,e,62,16-17,Light,Female,AF,1,0,dInfant,
RT,R5,e,62.25,18,Light,Female,AF,1,0,dInfant,
RT,R5,e,57,6-7,Mark,Male,,,,,
RT,R5,e,58,8-9,Mark,Male,AM,,,,appeared in this WoP
RT,R5,e,59,10-11,Mark,Male,AM,,,,
RT,R5,e,60,12-13,Mark,Male,AM,,,,
RT,R5,e,61,14-15,Mark,Male,AM,,,,
RT,R5,e,62,16-17,Mark,Male,AM,,,,
RT,R5,e,62.25,18,Mark,Male,AM,,,,
RT,R5,e,57,6-7,Patrick,Female,AF,0,,no data,
RT,R5,e,58,8-9,Patrick,Female,AF,0,,no data,
RT,R5,e,59,10-11,Patrick,Female,AF,0,,no data,
RT,R5,e,60,12-13,Patrick,Female,AF,0,,no data,
RT,R5,e,61,14-15,Patrick,Female,AF,0,0,E2 level,
RT,R5,e,62,16-17,Patrick,Female,AF,0,,no data,
RT,R5,e,62.25,18,Patrick,Female,AF,0,,no data,
RT,R5,e,57,6-7,Ringtail,Female,AF,0,1,E2 level,
RT,R5,e,58,8-9,Ringtail,Female,AF,0,1,E2 level,
RT,R5,e,59,10-11,Ringtail,Female,AF,0,1,E2 level,
RT,R5,e,60,12-13,Ringtail,Female,AF,0,1,E2 level,
RT,R5,e,61,14-15,Ringtail,Female,AF,0,1,E2 level,
RT,R5,e,62,16-17,Ringtail,Female,AF,0,,no data,
RT,R5,e,62.25,18,Ringtail,Female,AF,0,,no data,
RT,R5,e,57,6-7,Robert,Male,SM,,,,disappeared late in WoP
RT,R5,e,58,8-9,Robert,Male,,,,,
RT,R5,e,59,10-11,Robert,Male,,,,,
RT,R5,e,60,12-13,Robert,Male,,,,,
RT,R5,e,61,14-15,Robert,Male,,,,,
RT,R5,e,62,16-17,Robert,Male,,,,,
RT,R5,e,62.25,18,Robert,Male,,,,,
RT,R5,e,57,6-7,Rose,Female,AF,0,1,E2 level,Rose mates w/ Mark
RT,R5,e,58,8-9,Rose,Female,AF,0,1,E2 level,
RT,R5,e,59,10-11,Rose,Female,AF,0,1,E2 level,
RT,R5,e,60,12-13,Rose,Female,AF,0,1,E2 level,
RT,R5,e,61,14-15,Rose,Female,AF,0,1,E2 level,
RT,R5,e,62,16-17,Rose,Female,AF,0,,no data,
RT,R5,e,62.25,18,Rose,Female,AF,0,,no data,
RT,R5,e,57,6-7,Sarah,Female,AF,0,1,E2 level,
RT,R5,e,58,8-9,Sarah,Female,AF,0,1,E2 level,
RT,R5,e,59,10-11,Sarah,Female,AF,0,1,E2 level,
RT,R5,e,60,12-13,Sarah,Female,AF,0,1,E2 level,
RT,R5,e,61,14-15,Sarah,Female,AF,0,0,E2 level,presumed stillbirth
RT,R5,e,62,16-17,Sarah,Female,AF,0,0,E2 level,
RT,R5,e,62.25,18,Sarah,Female,AF,0,0,E2 level,
RT,R5,e,57,6-7,Teddy,Female,AF,0,,no data,
RT,R5,e,58,8-9,Teddy,Female,AF,0,0,E2 level,
RT,R5,e,59,10-11,Teddy,Female,AF,0,1,E2 level,
RT,R5,e,60,12-13,Teddy,Female,AF,0,1,E2 level,
RT,R5,e,61,14-15,Teddy,Female,AF,0,1,E2 level,
RT,R5,e,62,16-17,Teddy,Female,AF,0,,no data,
RT,R5,e,62.25,18,Teddy,Female,AF,0,,no data,
RT,R5,e,57,6-7,Topista,Female,AF,0,1,birth,
RT,R5,e,58,8-9,Topista,Female,AF,0,1,birth,
RT,R5,e,59,10-11,Topista,Female,AF,0,1,birth,
RT,R5,e,60,12-13,Topista,Female,AF,1,1,dInfant,
RT,R5,e,61,14-15,Topista,Female,AF,1,0,dInfant,
RT,R5,e,62,16-17,Topista,Female,AF,1,0,dInfant,
RT,R5,e,62.25,18,Topista,Female,AF,1,0,dInfant,
RT,R5,h,71,19,Alex,Male,JV,,,,
RT,R5,h,72,20-21,Alex,Male,JV,,,,
RT,R5,h,73,22-23,Alex,Male,JV,,,,
RT,R5,h,71,19,Annette,Female,AF,0,0,E2 level,
RT,R5,h,72,20-21,Annette,Female,AF,0,,no data,
RT,R5,h,73,22-23,Annette,Female,AF,0,,no data,
RT,R5,h,71,19,Carter,Male,,,,,
RT,R5,h,72,20-21,Carter,Male,,,,,
RT,R5,h,73,22-23,Carter,Male,,,,,
RT,R5,h,71,19,Chris,Female,AF,0,,no data,
RT,R5,h,72,20-21,Chris,Female,AF,0,,no data,
RT,R5,h,73,22-23,Chris,Female,AF,0,,no data,
RT,R5,h,71,19,Dizzy,Female,AF,0,0,E2 level,
RT,R5,h,72,20-21,Dizzy,Female,AF,0,,no data,
RT,R5,h,73,22-23,Dizzy,Female,AF,0,,no data,
RT,R5,h,71,19,Doreen,Female,AF,0,0,inferred,
RT,R5,h,72,20-21,Doreen,Female,AF,0,0,E2 level & mating,
RT,R5,h,73,22-23,Doreen,Female,AF,0,,no data,
RT,R5,h,71,19,Edith,Female,AF,0,0,E2 level,
RT,R5,h,72,20-21,Edith,Female,AF,0,,no data,
RT,R5,h,73,22-23,Edith,Female,AF,0,,no data,
RT,R5,h,71,19,Ellen,Female,SF,,,,
RT,R5,h,72,20-21,Ellen,Female,SF,,,,
RT,R5,h,73,22-23,Ellen,Female,SF,,,,
RT,R5,h,71,19,Jack,Female,SF,,,,
RT,R5,h,72,20-21,Jack,Female,SF,,,,
RT,R5,h,73,22-23,Jack,Female,SF,,,,
RT,R5,h,71,19,Jane,Female,AF,0,0,E2 level,
RT,R5,h,72,20-21,Jane,Female,AF,0,,no data,
RT,R5,h,73,22-23,Jane,Female,AF,0,,no data,
RT,R5,h,71,19,Joy,Female,SF,,,,
RT,R5,h,72,20-21,Joy,Female,SF,,,,
RT,R5,h,73,22-23,Joy,Female,SF,,,,
RT,R5,h,71,19,Julie,Female,AF,0,0,E2 level,
RT,R5,h,72,20-21,Julie,Female,AF,0,,no data,
RT,R5,h,73,22-23,Julie,Female,AF,0,,no data,
RT,R5,h,71,19,Kate,Female,AF,0,0,E2 level,
RT,R5,h,72,20-21,Kate,Female,AF,0,0,E2 level,
RT,R5,h,73,22-23,Kate,Female,AF,0,0,inferred,
RT,R5,h,71,19,Light,Female,AF,0,0,E2 level,
RT,R5,h,72,20-21,Light,Female,AF,0,0,E2 level,
RT,R5,h,73,22-23,Light,Female,AF,0,0,E2 level,
RT,R5,h,71,19,Mark,Male,AM,,,,
RT,R5,h,72,20-21,Mark,Male,AM,,,,
RT,R5,h,73,22-23,Mark,Male,AM,,,,
RT,R5,h,71,19,Patrick,Female,AF,0,0,E2 level,
RT,R5,h,72,20-21,Patrick,Female,AF,0,0,E2 level,
RT,R5,h,73,22-23,Patrick,Female,AF,0,,no data,
RT,R5,h,71,19,Ringtail,Female,AF,0,0,E2 level,
RT,R5,h,72,20-21,Ringtail,Female,AF,0,0,E2 level,
RT,R5,h,73,22-23,Ringtail,Female,AF,0,0,E2 level,
RT,R5,h,71,19,Robert,Male,,,,,
RT,R5,h,72,20-21,Robert,Male,,,,,
RT,R5,h,73,22-23,Robert,Male,,,,,
RT,R5,h,71,19,Rose,Female,AF,0,0,E2 level,
RT,R5,h,72,20-21,Rose,Female,AF,0,0,E2 level,
RT,R5,h,73,22-23,Rose,Female,AF,0,0,E2 level,
RT,R5,h,71,19,Sarah,Female,AF,1,0,E2 level,
RT,R5,h,72,20-21,Sarah,Female,AF,1,0,E2 level,
RT,R5,h,73,22-23,Sarah,Female,AF,1,0,E2 level,
RT,R5,h,71,19,Teddy,Female,AF,0,0,E2 level,
RT,R5,h,72,20-21,Teddy,Female,AF,0,0,E2 level,
RT,R5,h,73,22-23,Teddy,Female,AF,0,0,E2 level,
RT,R5,h,71,19,Topista,Female,AF,0,,no data,
RT,R5,h,72,20-21,Topista,Female,AF,0,,no data,
RT,R5,h,73,22-23,Topista,Female,AF,0,,no data,
RT,R6,b,28,0.1,Ategeka,Female,JV,,,,
RT,R6,b,29,0.2-0.3,Ategeka,Female,JV,,,,
RT,R6,b,29.5,0.4,Ategeka,Female,JV,,,,
RT,R6,b,30,0.5,Ategeka,Female,JV,,,,
RT,R6,b,31,1,Ategeka,Female,JV,,,,
RT,R6,b,33,2,Ategeka,Female,JV,,,,
RT,R6,b,35,3,Ategeka,Female,JV,,,,
RT,R6,b,37,4,Ategeka,Female,JV,,,,
RT,R6,b,39,5,Ategeka,Female,JV,,,,
RT,R6,b,28,0.1,Bacwenkojo,Female,AF,0,,no data,
RT,R6,b,29,0.2-0.3,Bacwenkojo,Female,AF,0,,no data,
RT,R6,b,29.5,0.4,Bacwenkojo,Female,AF,0,,no data,
RT,R6,b,30,0.5,Bacwenkojo,Female,AF,0,,no data,
RT,R6,b,31,1,Bacwenkojo,Female,AF,0,,no data,
RT,R6,b,33,2,Bacwenkojo,Female,AF,0,,no data,
RT,R6,b,35,3,Bacwenkojo,Female,AF,0,,no data,
RT,R6,b,37,4,Bacwenkojo,Female,AF,0,,no data,
RT,R6,b,39,5,Bacwenkojo,Female,AF,0,,no data,
RT,R6,b,28,0.1,Basemera,Female,AF,0,,no data,
RT,R6,b,29,0.2-0.3,Basemera,Female,AF,0,,no data,
RT,R6,b,29.5,0.4,Basemera,Female,AF,0,,no data,
RT,R6,b,30,0.5,Basemera,Female,AF,0,,no data,
RT,R6,b,31,1,Basemera,Female,AF,0,,no data,
RT,R6,b,33,2,Basemera,Female,AF,0,,no data,
RT,R6,b,35,3,Basemera,Female,AF,0,,no data,
RT,R6,b,37,4,Basemera,Female,AF,0,,no data,
RT,R6,b,39,5,Basemera,Female,AF,0,,no data,
RT,R6,b,28,0.1,Chance,Male,SM,,,,
RT,R6,b,29,0.2-0.3,Chance,Male,SM,,,,
RT,R6,b,29.5,0.4,Chance,Male,SM,,,,
RT,R6,b,30,0.5,Chance,Male,SM,,,,
RT,R6,b,31,1,Chance,Male,SM,,,,
RT,R6,b,33,2,Chance,Male,SM,,,,
RT,R6,b,35,3,Chance,Male,SM,,,,
RT,R6,b,37,4,Chance,Male,SM,,,,
RT,R6,b,39,5,Chance,Male,SM,,,,
RT,R6,b,28,0.1,Kaana,Unknown,JV,,,,
RT,R6,b,29,0.2-0.3,Kaana,Unknown,JV,,,,
RT,R6,b,29.5,0.4,Kaana,Unknown,JV,,,,
RT,R6,b,30,0.5,Kaana,Unknown,JV,,,,
RT,R6,b,31,1,Kaana,Unknown,JV,,,,
RT,R6,b,33,2,Kaana,Unknown,JV,,,,
RT,R6,b,35,3,Kaana,Unknown,JV,,,,
RT,R6,b,37,4,Kaana,Unknown,JV,,,,
RT,R6,b,39,5,Kaana,Unknown,JV,,,,
RT,R6,b,28,0.1,Kabaganda,Female,AF,0,,no data,
RT,R6,b,29,0.2-0.3,Kabaganda,Female,AF,0,,no data,
RT,R6,b,29.5,0.4,Kabaganda,Female,AF,0,,no data,
RT,R6,b,30,0.5,Kabaganda,Female,AF,0,,no data,
RT,R6,b,31,1,Kabaganda,Female,AF,0,,no data,
RT,R6,b,33,2,Kabaganda,Female,AF,0,,no data,
RT,R6,b,35,3,Kabaganda,Female,AF,0,,no data,
RT,R6,b,37,4,Kabaganda,Female,AF,0,,no data,
RT,R6,b,39,5,Kabaganda,Female,AF,0,,no data,
RT,R6,b,28,0.1,Kabarwani,Female,AF,0,,no data,
RT,R6,b,29,0.2-0.3,Kabarwani,Female,AF,0,,no data,
RT,R6,b,29.5,0.4,Kabarwani,Female,AF,0,,no data,
RT,R6,b,30,0.5,Kabarwani,Female,AF,0,,no data,
RT,R6,b,31,1,Kabarwani,Female,AF,0,,no data,
RT,R6,b,33,2,Kabarwani,Female,AF,0,,no data,
RT,R6,b,35,3,Kabarwani,Female,AF,0,,no data,
RT,R6,b,37,4,Kabarwani,Female,AF,0,,no data,
RT,R6,b,39,5,Kabarwani,Female,AF,0,,no data,
RT,R6,b,28,0.1,Kabeba,Unknown,JV,,,,
RT,R6,b,29,0.2-0.3,Kabeba,Unknown,JV,,,,
RT,R6,b,29.5,0.4,Kabeba,Unknown,JV,,,,
RT,R6,b,30,0.5,Kabeba,Unknown,JV,,,,
RT,R6,b,31,1,Kabeba,Unknown,JV,,,,
RT,R6,b,33,2,Kabeba,Unknown,JV,,,,
RT,R6,b,35,3,Kabeba,Unknown,JV,,,,
RT,R6,b,37,4,Kabeba,Unknown,JV,,,,
RT,R6,b,39,5,Kabeba,Unknown,JV,,,,
RT,R6,b,28,0.1,Kabulemu,Female,AF,0,,no data,
RT,R6,b,29,0.2-0.3,Kabulemu,Female,AF,0,,no data,
RT,R6,b,29.5,0.4,Kabulemu,Female,AF,0,,no data,
RT,R6,b,30,0.5,Kabulemu,Female,AF,0,,no data,
RT,R6,b,31,1,Kabulemu,Female,AF,0,,no data,
RT,R6,b,33,2,Kabulemu,Female,AF,0,,no data,
RT,R6,b,35,3,Kabulemu,Female,AF,0,,no data,
RT,R6,b,37,4,Kabulemu,Female,AF,0,,no data,
RT,R6,b,39,5,Kabulemu,Female,AF,0,,no data,
RT,R6,b,28,0.1,Kacupa,Female,JV,,,,
RT,R6,b,29,0.2-0.3,Kacupa,Female,JV,,,,
RT,R6,b,29.5,0.4,Kacupa,Female,JV,,,,
RT,R6,b,30,0.5,Kacupa,Female,JV,,,,
RT,R6,b,31,1,Kacupa,Female,JV,,,,
RT,R6,b,33,2,Kacupa,Female,JV,,,,
RT,R6,b,35,3,Kacupa,Female,JV,,,,
RT,R6,b,37,4,Kacupa,Female,JV,,,,
RT,R6,b,39,5,Kacupa,Female,JV,,,,
RT,R6,b,28,0.1,Kagurusi,Female,JV,,,,
RT,R6,b,29,0.2-0.3,Kagurusi,Female,JV,,,,
RT,R6,b,29.5,0.4,Kagurusi,Female,JV,,,,
RT,R6,b,30,0.5,Kagurusi,Female,JV,,,,
RT,R6,b,31,1,Kagurusi,Female,JV,,,,
RT,R6,b,33,2,Kagurusi,Female,JV,,,,
RT,R6,b,35,3,Kagurusi,Female,JV,,,,
RT,R6,b,37,4,Kagurusi,Female,JV,,,,
RT,R6,b,39,5,Kagurusi,Female,JV,,,,
RT,R6,b,28,0.1,Kaisiki,Female,JV,,,,
RT,R6,b,29,0.2-0.3,Kaisiki,Female,JV,,,,
RT,R6,b,29.5,0.4,Kaisiki,Female,JV,,,,
RT,R6,b,30,0.5,Kaisiki,Female,JV,,,,
RT,R6,b,31,1,Kaisiki,Female,JV,,,,
RT,R6,b,33,2,Kaisiki,Female,JV,,,,
RT,R6,b,35,3,Kaisiki,Female,JV,,,,
RT,R6,b,37,4,Kaisiki,Female,JV,,,,
RT,R6,b,39,5,Kaisiki,Female,JV,,,,
RT,R6,b,28,0.1,Kakaikuru,Female,AF,0,,no data,
RT,R6,b,29,0.2-0.3,Kakaikuru,Female,AF,0,,no data,
RT,R6,b,29.5,0.4,Kakaikuru,Female,AF,0,,no data,
RT,R6,b,30,0.5,Kakaikuru,Female,AF,0,,no data,
RT,R6,b,31,1,Kakaikuru,Female,AF,0,,no data,
RT,R6,b,33,2,Kakaikuru,Female,AF,0,,no data,
RT,R6,b,35,3,Kakaikuru,Female,AF,0,,no data,
RT,R6,b,37,4,Kakaikuru,Female,AF,0,,no data,
RT,R6,b,39,5,Kakaikuru,Female,AF,0,,no data,
RT,R6,b,28,0.1,Kalema,Female,JV,,,,
RT,R6,b,29,0.2-0.3,Kalema,Female,JV,,,,
RT,R6,b,29.5,0.4,Kalema,Female,JV,,,,
RT,R6,b,30,0.5,Kalema,Female,JV,,,,
RT,R6,b,31,1,Kalema,Female,JV,,,,
RT,R6,b,33,2,Kalema,Female,JV,,,,
RT,R6,b,35,3,Kalema,Female,JV,,,,
RT,R6,b,37,4,Kalema,Female,JV,,,,
RT,R6,b,39,5,Kalema,Female,JV,,,,
RT,R6,b,28,0.1,Kamakune,Female,AF,0,1,birth,
RT,R6,b,29,0.2-0.3,Kamakune,Female,AF,0,1,birth,
RT,R6,b,29.5,0.4,Kamakune,Female,AF,0,1,birth,
RT,R6,b,30,0.5,Kamakune,Female,AF,0,1,birth,
RT,R6,b,31,1,Kamakune,Female,AF,0,1,birth,
RT,R6,b,33,2,Kamakune,Female,AF,1,0,dInfant,
RT,R6,b,35,3,Kamakune,Female,AF,1,0,dInfant,
RT,R6,b,37,4,Kamakune,Female,AF,1,0,dInfant,
RT,R6,b,39,5,Kamakune,Female,AF,1,0,dInfant,
RT,R6,b,28,0.1,Karungi,Female,AF,0,1,birth,
RT,R6,b,29,0.2-0.3,Karungi,Female,AF,0,1,birth,
RT,R6,b,29.5,0.4,Karungi,Female,AF,0,1,birth,
RT,R6,b,30,0.5,Karungi,Female,AF,1,0,dInfant,
RT,R6,b,31,1,Karungi,Female,AF,1,0,dInfant,
RT,R6,b,33,2,Karungi,Female,AF,1,0,dInfant,
RT,R6,b,35,3,Karungi,Female,AF,1,0,dInfant,
RT,R6,b,37,4,Karungi,Female,AF,1,0,dInfant,
RT,R6,b,39,5,Karungi,Female,AF,1,0,dInfant,
RT,R6,b,28,0.1,Kasaija,Male,AM,,,,
RT,R6,b,29,0.2-0.3,Kasaija,Male,AM,,,,
RT,R6,b,29.5,0.4,Kasaija,Male,AM,,,,
RT,R6,b,30,0.5,Kasaija,Male,AM,,,,
RT,R6,b,31,1,Kasaija,Male,AM,,,,
RT,R6,b,33,2,Kasaija,Male,AM,,,,
RT,R6,b,35,3,Kasaija,Male,AM,,,,
RT,R6,b,37,4,Kasaija,Male,AM,,,,
RT,R6,b,39,5,Kasaija,Male,AM,,,,
RT,R6,b,28,0.1,Kasamaki,Female,JV,,,,
RT,R6,b,29,0.2-0.3,Kasamaki,Female,JV,,,,
RT,R6,b,29.5,0.4,Kasamaki,Female,JV,,,,
RT,R6,b,30,0.5,Kasamaki,Female,JV,,,,
RT,R6,b,31,1,Kasamaki,Female,JV,,,,
RT,R6,b,33,2,Kasamaki,Female,JV,,,,
RT,R6,b,35,3,Kasamaki,Female,JV,,,,
RT,R6,b,37,4,Kasamaki,Female,JV,,,,
RT,R6,b,39,5,Kasamaki,Female,JV,,,,
RT,R6,b,28,0.1,Kasemire,Female,JV,,,,
RT,R6,b,29,0.2-0.3,Kasemire,Female,JV,,,,
RT,R6,b,29.5,0.4,Kasemire,Female,JV,,,,
RT,R6,b,30,0.5,Kasemire,Female,JV,,,,
RT,R6,b,31,1,Kasemire,Female,JV,,,,
RT,R6,b,33,2,Kasemire,Female,JV,,,,
RT,R6,b,35,3,Kasemire,Female,JV,,,,
RT,R6,b,37,4,Kasemire,Female,JV,,,,
RT,R6,b,39,5,Kasemire,Female,JV,,,,
RT,R6,b,28,0.1,Kasigazi,Female,JV,,,,
RT,R6,b,29,0.2-0.3,Kasigazi,Female,JV,,,,
RT,R6,b,29.5,0.4,Kasigazi,Female,JV,,,,
RT,R6,b,30,0.5,Kasigazi,Female,JV,,,,
RT,R6,b,31,1,Kasigazi,Female,JV,,,,
RT,R6,b,33,2,Kasigazi,Female,JV,,,,
RT,R6,b,35,3,Kasigazi,Female,JV,,,,
RT,R6,b,37,4,Kasigazi,Female,JV,,,,
RT,R6,b,39,5,Kasigazi,Female,JV,,,,
RT,R6,b,28,0.1,Kebirungi,Female,AF,0,,no data,
RT,R6,b,29,0.2-0.3,Kebirungi,Female,AF,0,,no data,
RT,R6,b,29.5,0.4,Kebirungi,Female,AF,0,,no data,
RT,R6,b,30,0.5,Kebirungi,Female,AF,0,,no data,
RT,R6,b,31,1,Kebirungi,Female,AF,0,,no data,
RT,R6,b,33,2,Kebirungi,Female,AF,0,,no data,
RT,R6,b,35,3,Kebirungi,Female,AF,0,,no data,
RT,R6,b,37,4,Kebirungi,Female,AF,0,,no data,
RT,R6,b,39,5,Kebirungi,Female,AF,0,,no data,
RT,R6,b,28,0.1,Kengonzi,Female,AF,0,,no data,
RT,R6,b,29,0.2-0.3,Kengonzi,Female,AF,0,,no data,
RT,R6,b,29.5,0.4,Kengonzi,Female,AF,0,,no data,
RT,R6,b,30,0.5,Kengonzi,Female,AF,0,,no data,
RT,R6,b,31,1,Kengonzi,Female,AF,0,,no data,
RT,R6,b,33,2,Kengonzi,Female,AF,0,,no data,
RT,R6,b,35,3,Kengonzi,Female,AF,0,,no data,
RT,R6,b,37,4,Kengonzi,Female,AF,0,,no data,
RT,R6,b,39,5,Kengonzi,Female,AF,0,,no data,
RT,R6,b,28,0.1,Kentaro,Female,AF,0,,no data,
RT,R6,b,29,0.2-0.3,Kentaro,Female,AF,0,,no data,
RT,R6,b,29.5,0.4,Kentaro,Female,AF,0,,no data,
RT,R6,b,30,0.5,Kentaro,Female,AF,0,,no data,
RT,R6,b,31,1,Kentaro,Female,AF,0,,no data,
RT,R6,b,33,2,Kentaro,Female,AF,0,,no data,
RT,R6,b,35,3,Kentaro,Female,AF,0,,no data,
RT,R6,b,37,4,Kentaro,Female,AF,0,,no data,
RT,R6,b,39,5,Kentaro,Female,AF,0,,no data,
RT,R6,b,28,0.1,Koojo,Female,JV,,,,
RT,R6,b,29,0.2-0.3,Koojo,Female,JV,,,,
RT,R6,b,29.5,0.4,Koojo,Female,JV,,,,
RT,R6,b,30,0.5,Koojo,Female,JV,,,,
RT,R6,b,31,1,Koojo,Female,JV,,,,
RT,R6,b,33,2,Koojo,Female,JV,,,,
RT,R6,b,35,3,Koojo,Female,JV,,,,
RT,R6,b,37,4,Koojo,Female,JV,,,,
RT,R6,b,39,5,Koojo,Female,JV,,,,
RT,R6,b,28,0.1,Kyoya,Female,AF,0,,no data,
RT,R6,b,29,0.2-0.3,Kyoya,Female,AF,0,,no data,
RT,R6,b,29.5,0.4,Kyoya,Female,AF,0,,no data,
RT,R6,b,30,0.5,Kyoya,Female,AF,0,,no data,
RT,R6,b,31,1,Kyoya,Female,AF,0,,no data,
RT,R6,b,33,2,Kyoya,Female,AF,0,,no data,
RT,R6,b,35,3,Kyoya,Female,AF,0,,no data,
RT,R6,b,37,4,Kyoya,Female,AF,0,,no data,
RT,R6,b,39,5,Kyoya,Female,AF,0,,no data,
RT,R6,b,28,0.1,Leod,Male,,,,,
RT,R6,b,29,0.2-0.3,Leod,Male,,,,,
RT,R6,b,29.5,0.4,Leod,Male,,,,,
RT,R6,b,30,0.5,Leod,Male,,,,,
RT,R6,b,31,1,Leod,Male,,,,,
RT,R6,b,33,2,Leod,Male,,,,,
RT,R6,b,35,3,Leod,Male,,,,,
RT,R6,b,37,4,Leod,Male,,,,,
RT,R6,b,39,5,Leod,Male,,,,,
RT,R6,b,28,0.1,Lester,Male,,,,,
RT,R6,b,29,0.2-0.3,Lester,Male,,,,,
RT,R6,b,29.5,0.4,Lester,Male,,,,,
RT,R6,b,30,0.5,Lester,Male,,,,,
RT,R6,b,31,1,Lester,Male,,,,,
RT,R6,b,33,2,Lester,Male,,,,,
RT,R6,b,35,3,Lester,Male,,,,,
RT,R6,b,37,4,Lester,Male,,,,,
RT,R6,b,39,5,Lester,Male,,,,,
RT,R6,b,28,0.1,Macumu,Female,AF,0,,no data,
RT,R6,b,29,0.2-0.3,Macumu,Female,AF,0,,no data,
RT,R6,b,29.5,0.4,Macumu,Female,AF,0,,no data,
RT,R6,b,30,0.5,Macumu,Female,AF,0,,no data,
RT,R6,b,31,1,Macumu,Female,AF,0,,no data,
RT,R6,b,33,2,Macumu,Female,AF,0,,no data,
RT,R6,b,35,3,Macumu,Female,AF,0,,no data,
RT,R6,b,37,4,Macumu,Female,AF,0,,no data,
RT,R6,b,39,5,Macumu,Female,AF,0,,no data,
RT,R6,b,28,0.1,Mugisa,Female,JV,,,,
RT,R6,b,29,0.2-0.3,Mugisa,Female,JV,,,,
RT,R6,b,29.5,0.4,Mugisa,Female,JV,,,,
RT,R6,b,30,0.5,Mugisa,Female,JV,,,,
RT,R6,b,31,1,Mugisa,Female,JV,,,,
RT,R6,b,33,2,Mugisa,Female,JV,,,,
RT,R6,b,35,3,Mugisa,Female,JV,,,,
RT,R6,b,37,4,Mugisa,Female,JV,,,,
RT,R6,b,39,5,Mugisa,Female,JV,,,,
RT,R6,b,28,0.1,Murungi,Male,SM,,,,
RT,R6,b,29,0.2-0.3,Murungi,Male,SM,,,,
RT,R6,b,29.5,0.4,Murungi,Male,SM,,,,
RT,R6,b,30,0.5,Murungi,Male,SM,,,,
RT,R6,b,31,1,Murungi,Male,SM,,,,
RT,R6,b,33,2,Murungi,Male,SM,,,,
RT,R6,b,35,3,Murungi,Male,SM,,,,
RT,R6,b,37,4,Murungi,Male,SM,,,,
RT,R6,b,39,5,Murungi,Male,SM,,,,
RT,R6,b,28,0.1,Mutebi,Male,JV,,,,
RT,R6,b,29,0.2-0.3,Mutebi,Male,JV,,,,
RT,R6,b,29.5,0.4,Mutebi,Male,JV,,,,
RT,R6,b,30,0.5,Mutebi,Male,JV,,,,
RT,R6,b,31,1,Mutebi,Male,JV,,,,
RT,R6,b,33,2,Mutebi,Male,JV,,,,
RT,R6,b,35,3,Mutebi,Male,JV,,,,
RT,R6,b,37,4,Mutebi,Male,JV,,,,
RT,R6,b,39,5,Mutebi,Male,JV,,,,
RT,R6,b,28,0.1,Nkojo,Female,AF,0,,no data,
RT,R6,b,29,0.2-0.3,Nkojo,Female,AF,0,,no data,
RT,R6,b,29.5,0.4,Nkojo,Female,AF,0,,no data,
RT,R6,b,30,0.5,Nkojo,Female,AF,0,,no data,
RT,R6,b,31,1,Nkojo,Female,AF,0,,no data,
RT,R6,b,33,2,Nkojo,Female,AF,0,,no data,
RT,R6,b,35,3,Nkojo,Female,AF,0,,no data,
RT,R6,b,37,4,Nkojo,Female,AF,0,,no data,
RT,R6,b,39,5,Nkojo,Female,AF,0,,no data,
RT,R6,e,56,6-7,Ategeka,Female,SF,,,,
RT,R6,e,57,8,Ategeka,Female,SF,,,,
RT,R6,e,58,9,Ategeka,Female,SF,,,,
RT,R6,e,59,10-11,Ategeka,Female,SF,,,,
RT,R6,e,60,12-13,Ategeka,Female,SF,,,,
RT,R6,e,61,14-15,Ategeka,Female,SF,,,,
RT,R6,e,56,6-7,Bacwenkojo,Female,AF,0,1,birth,
RT,R6,e,57,8,Bacwenkojo,Female,AF,0,1,birth,
RT,R6,e,58,9,Bacwenkojo,Female,AF,1,0,dInfant,
RT,R6,e,59,10-11,Bacwenkojo,Female,AF,1,0,dInfant,
RT,R6,e,60,12-13,Bacwenkojo,Female,AF,1,0,dInfant,
RT,R6,e,61,14-15,Bacwenkojo,Female,AF,1,0,dInfant,phytoestrogen spike on 2/5
RT,R6,e,56,6-7,Basemera,Female,AF,0,0,E2 level,
RT,R6,e,57,8,Basemera,Female,AF,0,0,E2 level,
RT,R6,e,58,9,Basemera,Female,AF,0,0,E2 level,
RT,R6,e,59,10-11,Basemera,Female,AF,0,0,E2 level,
RT,R6,e,60,12-13,Basemera,Female,AF,0,0,E2 level,mates w/ Kasaija
RT,R6,e,61,14-15,Basemera,Female,AF,0,0,E2 level,phytoestrogen spike on 1/31
RT,R6,e,56,6-7,Chance,Male,SM,,,,
RT,R6,e,57,8,Chance,Male,SM,,,,
RT,R6,e,58,9,Chance,Male,SM,,,,
RT,R6,e,59,10-11,Chance,Male,SM,,,,
RT,R6,e,60,12-13,Chance,Male,SM,,,,
RT,R6,e,61,14-15,Chance,Male,SM,,,,
RT,R6,e,56,6-7,Kaana,Unknown,JV,,,,
RT,R6,e,57,8,Kaana,Unknown,JV,,,,
RT,R6,e,58,9,Kaana,Unknown,JV,,,,
RT,R6,e,59,10-11,Kaana,Unknown,JV,,,,
RT,R6,e,60,12-13,Kaana,Unknown,JV,,,,
RT,R6,e,61,14-15,Kaana,Unknown,JV,,,,
RT,R6,e,56,6-7,Kabaganda,Female,AF,0,1,E2 level,
RT,R6,e,57,8,Kabaganda,Female,AF,0,1,E2 level,
RT,R6,e,58,9,Kabaganda,Female,AF,0,1,E2 level,
RT,R6,e,59,10-11,Kabaganda,Female,AF,0,1,E2 level,
RT,R6,e,60,12-13,Kabaganda,Female,AF,0,1,E2 level,
RT,R6,e,61,14-15,Kabaganda,Female,AF,0,0,E2 level,miscarriage or stillbirth
RT,R6,e,56,6-7,Kabarwani,Female,AF,0,1,E2 level,
RT,R6,e,57,8,Kabarwani,Female,AF,0,1,E2 level,
RT,R6,e,58,9,Kabarwani,Female,AF,0,1,E2 level,
RT,R6,e,59,10-11,Kabarwani,Female,AF,0,1,E2 level,
RT,R6,e,60,12-13,Kabarwani,Female,AF,0,1,E2 level,
RT,R6,e,61,14-15,Kabarwani,Female,AF,0,0,E2 level,miscarriage or stillbirth
RT,R6,e,56,6-7,Kabeba,Unknown,JV,,,,
RT,R6,e,57,8,Kabeba,Unknown,JV,,,,
RT,R6,e,58,9,Kabeba,Unknown,JV,,,,
RT,R6,e,59,10-11,Kabeba,Unknown,JV,,,,
RT,R6,e,60,12-13,Kabeba,Unknown,JV,,,,
RT,R6,e,61,14-15,Kabeba,Unknown,JV,,,,
RT,R6,e,56,6-7,Kabulemu,Female,AF,0,1,E2 level,
RT,R6,e,57,8,Kabulemu,Female,AF,0,1,E2 level,
RT,R6,e,58,9,Kabulemu,Female,AF,0,1,E2 level,
RT,R6,e,59,10-11,Kabulemu,Female,AF,0,1,E2 level,
RT,R6,e,60,12-13,Kabulemu,Female,AF,0,10,E2 level,"miscarriage or stillbirth: prego in wp 12, not prego in wp 13"
RT,R6,e,61,14-15,Kabulemu,Female,AF,0,0,E2 level,
RT,R6,e,56,6-7,Kacupa,Female,SF,,,,
RT,R6,e,57,8,Kacupa,Female,SF,,,,
RT,R6,e,58,9,Kacupa,Female,SF,,,,
RT,R6,e,59,10-11,Kacupa,Female,SF,,,,
RT,R6,e,60,12-13,Kacupa,Female,SF,,,,
RT,R6,e,61,14-15,Kacupa,Female,SF,,,,
RT,R6,e,56,6-7,Kagurusi,Female,SF,,,,
RT,R6,e,57,8,Kagurusi,Female,SF,,,,
RT,R6,e,58,9,Kagurusi,Female,SF,,,,
RT,R6,e,59,10-11,Kagurusi,Female,SF,,,,
RT,R6,e,60,12-13,Kagurusi,Female,SF,,,,
RT,R6,e,61,14-15,Kagurusi,Female,SF,,,,phytoestrogen spike on 2/3
RT,R6,e,56,6-7,Kaisiki,Female,AF,0,0,E2 level,
RT,R6,e,57,8,Kaisiki,Female,AF,0,0,E2 level,
RT,R6,e,58,9,Kaisiki,Female,AF,0,0,E2 level,
RT,R6,e,59,10-11,Kaisiki,Female,AF,0,0,E2 level,
RT,R6,e,60,12-13,Kaisiki,Female,AF,0,0,E2 level,
RT,R6,e,61,14-15,Kaisiki,Female,AF,0,0,E2 level,
RT,R6,e,56,6-7,Kakaikuru,Female,AF,0,1,inferred,
RT,R6,e,57,8,Kakaikuru,Female,AF,0,1,inferred,
RT,R6,e,58,9,Kakaikuru,Female,AF,0,1,inferred,
RT,R6,e,59,10-11,Kakaikuru,Female,AF,0,1,E2 level,
RT,R6,e,60,12-13,Kakaikuru,Female,AF,0,1,E2 level,
RT,R6,e,61,14-15,Kakaikuru,Female,AF,0,0,P4 levels,miscarriage or stillbirth; phytoestrogen spike on 2/3
RT,R6,e,56,6-7,Kalema,Female,AF,,,,
RT,R6,e,57,8,Kalema,Female,AF,,,,
RT,R6,e,58,9,Kalema,Female,AF,,,,
RT,R6,e,59,10-11,Kalema,Female,AF,,,,
RT,R6,e,60,12-13,Kalema,Female,AF,,,,
RT,R6,e,61,14-15,Kalema,Female,AF,,,,
RT,R6,e,56,6-7,Kamakune,Female,AF,0,1,inferred,
RT,R6,e,57,8,Kamakune,Female,AF,0,1,E2 level,
RT,R6,e,58,9,Kamakune,Female,AF,0,1,E2 level,
RT,R6,e,59,10-11,Kamakune,Female,AF,0,1,E2 level,
RT,R6,e,60,12-13,Kamakune,Female,AF,0,0,E2 level,miscarriage or stillbirth
RT,R6,e,61,14-15,Kamakune,Female,AF,0,0,E2 level,phytoestrogen spike on 2/3
RT,R6,e,56,6-7,Karungi,Female,AF,0,1,birth,
RT,R6,e,57,8,Karungi,Female,AF,0,1,birth,
RT,R6,e,58,9,Karungi,Female,AF,0,1,birth,
RT,R6,e,59,10-11,Karungi,Female,AF,1,0,dInfant,
RT,R6,e,60,12-13,Karungi,Female,AF,1,0,dInfant,
RT,R6,e,61,14-15,Karungi,Female,AF,1,0,dInfant,
RT,R6,e,56,6-7,Kasaija,Male,AM,,,,
RT,R6,e,57,8,Kasaija,Male,AM,,,,
RT,R6,e,58,9,Kasaija,Male,AM,,,,
RT,R6,e,59,10-11,Kasaija,Male,AM,,,,
RT,R6,e,60,12-13,Kasaija,Male,AM,,,,
RT,R6,e,61,14-15,Kasaija,Male,AM,,,,
RT,R6,e,56,6-7,Kasamaki,Female,AF,,,,
RT,R6,e,57,8,Kasamaki,Female,AF,,,,
RT,R6,e,58,9,Kasamaki,Female,AF,,,,
RT,R6,e,59,10-11,Kasamaki,Female,AF,,,,
RT,R6,e,60,12-13,Kasamaki,Female,AF,,,,
RT,R6,e,61,14-15,Kasamaki,Female,AF,,,,
RT,R6,e,56,6-7,Kasemire,Female,AF,0,,no data,
RT,R6,e,57,8,Kasemire,Female,AF,0,,no data,
RT,R6,e,58,9,Kasemire,Female,AF,0,,no data,
RT,R6,e,59,10-11,Kasemire,Female,AF,0,,no data,
RT,R6,e,60,12-13,Kasemire,Female,AF,0,,no data,
RT,R6,e,61,14-15,Kasemire,Female,AF,0,,no data,phytoestrogen spike on 2/5
RT,R6,e,56,6-7,Kasigazi,Female,SF,,,,
RT,R6,e,57,8,Kasigazi,Female,SF,,,,
RT,R6,e,58,9,Kasigazi,Female,SF,,,,
RT,R6,e,59,10-11,Kasigazi,Female,SF,,,,
RT,R6,e,60,12-13,Kasigazi,Female,SF,,,,
RT,R6,e,61,14-15,Kasigazi,Female,SF,,,,
RT,R6,e,56,6-7,Kebirungi,Female,AF,0,1,E2 level,
RT,R6,e,57,8,Kebirungi,Female,AF,0,1,E2 level,
RT,R6,e,58,9,Kebirungi,Female,AF,0,1,E2 level,
RT,R6,e,59,10-11,Kebirungi,Female,AF,0,1,E2 level,
RT,R6,e,60,12-13,Kebirungi,Female,AF,0,1,E2 level,
RT,R6,e,61,14-15,Kebirungi,Female,AF,0,0,E2 level,miscarriage or stillbirth
RT,R6,e,56,6-7,Kengonzi,Female,AF,1,0,dInfant,
RT,R6,e,57,8,Kengonzi,Female,AF,1,0,dInfant,
RT,R6,e,58,9,Kengonzi,Female,AF,1,0,dInfant,
RT,R6,e,59,10-11,Kengonzi,Female,AF,1,0,dInfant,
RT,R6,e,60,12-13,Kengonzi,Female,AF,1,0,dInfant,
RT,R6,e,61,14-15,Kengonzi,Female,AF,1,0,dInfant,
RT,R6,e,56,6-7,Kentaro,Female,AF,0,1,inferred,
RT,R6,e,57,8,Kentaro,Female,AF,0,1,inferred,
RT,R6,e,58,9,Kentaro,Female,AF,0,1,inferred,
RT,R6,e,59,10-11,Kentaro,Female,AF,0,1,inferred,
RT,R6,e,60,12-13,Kentaro,Female,AF,0,1,E2 level,
RT,R6,e,61,14-15,Kentaro,Female,AF,0,0,E2 level,miscarriage or stillbirth; phytoestrogen spike on 2/5
RT,R6,e,56,6-7,Koojo,Female,SF,,,,
RT,R6,e,57,8,Koojo,Female,SF,,,,
RT,R6,e,58,9,Koojo,Female,SF,,,,
RT,R6,e,59,10-11,Koojo,Female,SF,,,,
RT,R6,e,60,12-13,Koojo,Female,SF,,,,
RT,R6,e,61,14-15,Koojo,Female,SF,,,,
RT,R6,e,56,6-7,Kyoya,Female,AF,0,1,E2 level,
RT,R6,e,57,8,Kyoya,Female,AF,0,1,E2 level,
RT,R6,e,58,9,Kyoya,Female,AF,0,1,E2 level,
RT,R6,e,59,10-11,Kyoya,Female,AF,0,1,E2 level,
RT,R6,e,60,12-13,Kyoya,Female,AF,0,10,E2 level,
RT,R6,e,61,14-15,Kyoya,Female,AF,0,0,P4 levels,phytoestrogen spike on 2/3 and 1/31
RT,R6,e,56,6-7,Leod,Male,,,,,
RT,R6,e,57,8,Leod,Male,,,,,
RT,R6,e,58,9,Leod,Male,,,,,
RT,R6,e,59,10-11,Leod,Male,,,,,
RT,R6,e,60,12-13,Leod,Male,,,,,
RT,R6,e,61,14-15,Leod,Male,,,,,
RT,R6,e,56,6-7,Lester,Male,,,,,
RT,R6,e,57,8,Lester,Male,,,,,
RT,R6,e,58,9,Lester,Male,,,,,
RT,R6,e,59,10-11,Lester,Male,,,,,
RT,R6,e,60,12-13,Lester,Male,,,,,
RT,R6,e,61,14-15,Lester,Male,,,,,
RT,R6,e,56,6-7,Macumu,Female,AF,0,1,inferred,
RT,R6,e,57,8,Macumu,Female,AF,0,1,inferred,
RT,R6,e,58,9,Macumu,Female,AF,0,1,inferred,
RT,R6,e,59,10-11,Macumu,Female,AF,0,1,inferred,
RT,R6,e,60,12-13,Macumu,Female,AF,0,1,E2 level,
RT,R6,e,61,14-15,Macumu,Female,AF,0,0,E2 level,miscarriage or stillbirth
RT,R6,e,56,6-7,Mugisa,Female,AF,0,1,inferred,
RT,R6,e,57,8,Mugisa,Female,AF,0,1,inferred,
RT,R6,e,58,9,Mugisa,Female,AF,0,1,inferred,
RT,R6,e,59,10-11,Mugisa,Female,AF,0,1,E2 level,
RT,R6,e,60,12-13,Mugisa,Female,AF,0,1,E2 level,
RT,R6,e,61,14-15,Mugisa,Female,AF,0,,no data,
RT,R6,e,56,6-7,Murungi,Male,SM,,,,
RT,R6,e,57,8,Murungi,Male,SM,,,,
RT,R6,e,58,9,Murungi,Male,SM,,,,
RT,R6,e,59,10-11,Murungi,Male,SM,,,,
RT,R6,e,60,12-13,Murungi,Male,SM,,,,
RT,R6,e,61,14-15,Murungi,Male,SM,,,,
RT,R6,e,56,6-7,Mutebi,Male,SM,,,,
RT,R6,e,57,8,Mutebi,Male,SM,,,,
RT,R6,e,58,9,Mutebi,Male,SM,,,,
RT,R6,e,59,10-11,Mutebi,Male,SM,,,,
RT,R6,e,60,12-13,Mutebi,Male,SM,,,,
RT,R6,e,61,14-15,Mutebi,Male,SM,,,,
RT,R6,e,56,6-7,Nkojo,Female,AF,0,0,inferred,
RT,R6,e,57,8,Nkojo,Female,AF,0,0,inferred,
RT,R6,e,58,9,Nkojo,Female,AF,0,0,inferred,
RT,R6,e,59,10-11,Nkojo,Female,AF,0,0,E2 level,
RT,R6,e,60,12-13,Nkojo,Female,AF,0,0,inferred,
RT,R6,e,61,14-15,Nkojo,Female,AF,0,0,E2 level,
RT,R6,h,71,16,Ategeka,Female,SF,0,0,E2 level,
RT,R6,h,72,17-18,Ategeka,Female,SF,0,0,E2 level,
RT,R6,h,73,19-20,Ategeka,Female,SF,0,0,E2 level,
RT,R6,h,71,16,Bacwenkojo,Female,AF,0,0,E2 level,phytoprogestin on 4/19
RT,R6,h,72,17-18,Bacwenkojo,Female,AF,0,0,E2 level,
RT,R6,h,73,19-20,Bacwenkojo,Female,AF,0,0,E2 level,
RT,R6,h,71,16,Basemera,Female,AF,0,0,E2 level & mating,
RT,R6,h,72,17-18,Basemera,Female,AF,0,0,E2 level,
RT,R6,h,73,19-20,Basemera,Female,AF,0,0,E2 level,
RT,R6,h,71,16,Chance,Male,SM,,,,
RT,R6,h,72,17-18,Chance,Male,SM,,,,
RT,R6,h,73,19-20,Chance,Male,SM,,,,
RT,R6,h,71,16,Kaana,Unknown,,,,,
RT,R6,h,72,17-18,Kaana,Unknown,,,,,
RT,R6,h,73,19-20,Kaana,Unknown,,,,,
RT,R6,h,71,16,Kabaganda,Female,AF,0,,no data,
RT,R6,h,72,17-18,Kabaganda,Female,AF,0,,no data,
RT,R6,h,73,19-20,Kabaganda,Female,AF,0,,no data,
RT,R6,h,71,16,Kabarwani,Female,AF,0,0,E2 level,
RT,R6,h,72,17-18,Kabarwani,Female,AF,0,0,E2 level,
RT,R6,h,73,19-20,Kabarwani,Female,AF,0,0,E2 level,
RT,R6,h,71,16,Kabeba,Unknown,,,,,
RT,R6,h,72,17-18,Kabeba,Unknown,,,,,
RT,R6,h,73,19-20,Kabeba,Unknown,,,,,
RT,R6,h,71,16,Kabulemu,Female,AF,0,0,E2 level,
RT,R6,h,72,17-18,Kabulemu,Female,AF,0,0,E2 level,
RT,R6,h,73,19-20,Kabulemu,Female,AF,0,0,E2 level,
RT,R6,h,71,16,Kacupa,Female,SF,,,,
RT,R6,h,72,17-18,Kacupa,Female,SF,,,,
RT,R6,h,73,19-20,Kacupa,Female,SF,,,,
RT,R6,h,71,16,Kagurusi,Female,SF,,,,
RT,R6,h,72,17-18,Kagurusi,Female,SF,,,,
RT,R6,h,73,19-20,Kagurusi,Female,SF,,,,
RT,R6,h,71,16,Kaisiki,Female,AF,0,0,E2 level,
RT,R6,h,72,17-18,Kaisiki,Female,AF,0,0,E2 level,
RT,R6,h,73,19-20,Kaisiki,Female,AF,0,0,E2 level,
RT,R6,h,71,16,Kakaikuru,Female,AF,0,0,E2 level,
RT,R6,h,72,17-18,Kakaikuru,Female,AF,0,0,E2 level,
RT,R6,h,73,19-20,Kakaikuru,Female,AF,0,0,E2 level,
RT,R6,h,71,16,Kalema,Female,AF,0,0,E2 level,
RT,R6,h,72,17-18,Kalema,Female,AF,0,0,E2 level,
RT,R6,h,73,19-20,Kalema,Female,AF,0,0,E2 level,
RT,R6,h,71,16,Kamakune,Female,AF,0,0,E2 level,
RT,R6,h,72,17-18,Kamakune,Female,AF,0,0,E2 level,
RT,R6,h,73,19-20,Kamakune,Female,AF,0,0,E2 level,
RT,R6,h,71,16,Karungi,Female,AF,1,0,dInfant,
RT,R6,h,72,17-18,Karungi,Female,AF,1,0,dInfant,
RT,R6,h,73,19-20,Karungi,Female,AF,1,0,dInfant,
RT,R6,h,71,16,Kasaija,Male,AM,,,,
RT,R6,h,72,17-18,Kasaija,Male,AM,,,,
RT,R6,h,73,19-20,Kasaija,Male,AM,,,,
RT,R6,h,71,16,Kasamaki,Female,AF,0,0,inferred,
RT,R6,h,72,17-18,Kasamaki,Female,AF,0,0,E2 level,
RT,R6,h,73,19-20,Kasamaki,Female,AF,0,0,inferred,
RT,R6,h,71,16,Kasemire,Female,AF,0,,no data,
RT,R6,h,72,17-18,Kasemire,Female,AF,0,,no data,
RT,R6,h,73,19-20,Kasemire,Female,AF,0,,no data,
RT,R6,h,71,16,Kasigazi,Female,SF,,,,
RT,R6,h,72,17-18,Kasigazi,Female,SF,,,,
RT,R6,h,73,19-20,Kasigazi,Female,SF,,,,
RT,R6,h,71,16,Kebirungi,Female,AF,0,0,E2 level,phytoprogestin
RT,R6,h,72,17-18,Kebirungi,Female,AF,0,0,E2 level,
RT,R6,h,73,19-20,Kebirungi,Female,AF,0,0,inferred,
RT,R6,h,71,16,Kengonzi,Female,AF,0,0,E2 level,phytoestrogen on 4/22
RT,R6,h,72,17-18,Kengonzi,Female,AF,0,0,inferred,
RT,R6,h,73,19-20,Kengonzi,Female,AF,0,0,E2 level,
RT,R6,h,71,16,Kentaro,Female,AF,0,0,E2 level,"phytoprogestin 4/19, phytoestrogen 4/22"
RT,R6,h,72,17-18,Kentaro,Female,AF,0,0,E2 level,
RT,R6,h,73,19-20,Kentaro,Female,AF,0,0,E2 level,
RT,R6,h,71,16,Koojo,Female,SF,,,,
RT,R6,h,72,17-18,Koojo,Female,SF,,,,
RT,R6,h,73,19-20,Koojo,Female,SF,,,,
RT,R6,h,71,16,Kyoya,Female,AF,0,0,E2 level,
RT,R6,h,72,17-18,Kyoya,Female,AF,0,,no data,
RT,R6,h,73,19-20,Kyoya,Female,AF,0,,no data,
RT,R6,h,71,16,Leod,Male,,,,,
RT,R6,h,72,17-18,Leod,Male,,,,,
RT,R6,h,73,19-20,Leod,Male,,,,,
RT,R6,h,71,16,Lester,Male,,,,,
RT,R6,h,72,17-18,Lester,Male,,,,,
RT,R6,h,73,19-20,Lester,Male,,,,,
RT,R6,h,71,16,Macumu,Female,AF,0,,no data,
RT,R6,h,72,17-18,Macumu,Female,AF,0,,no data,
RT,R6,h,73,19-20,Macumu,Female,AF,0,,no data,
RT,R6,h,71,16,Mugisa,Female,AF,0,0,inferred,
RT,R6,h,72,17-18,Mugisa,Female,AF,0,0,E2 level,
RT,R6,h,73,19-20,Mugisa,Female,AF,0,0,E2 level,
RT,R6,h,71,16,Murungi,Male,SM,,,,
RT,R6,h,72,17-18,Murungi,Male,SM,,,,
RT,R6,h,73,19-20,Murungi,Male,SM,,,,
RT,R6,h,71,16,Mutebi,Male,SM,,,,
RT,R6,h,72,17-18,Mutebi,Male,SM,,,,
RT,R6,h,73,19-20,Mutebi,Male,SM,,,,
RT,R6,h,71,16,Nkojo,Female,AF,0,,no data,
RT,R6,h,72,17-18,Nkojo,Female,AF,0,,no data,
RT,R6,h,73,19-20,Nkojo,Female,AF,0,0,E2 level,
RT,RA2,k,120,,Idol,Male,AM,,,,
RT,RA2,k,120,,Jackson,Female,AF,1,,,
RT,RA2,k,120,,Joplin,Female,AF,0,,,
RT,RA2,k,120,,Knowles,Female,AF,0,,,
RT,RA2,k,120,,Lennon,Female,AF,0,,,
RT,RA2,k,120,,Mercury,Female,AF,0,,,
RT,RA2,k,120,,Nicks,Female,AF,1,,,
RT,RA2,k,120,,Osbourne,Female,AF,0,,,
RT,RA2,k,120,,Parton,Male,SM,,,,
RT,RA2,k,120,,Rotten,Female,AF,0,,,
RT,RR,k,121,,Gadaffi,Female,AF,1,,,
RT,RR,k,121,,Kabila,Female,AF,0,,,
RT,RR,k,121,,Kagame,Female,AF,1,,,
RT,RR,k,121,,Kaguta,Male,AM,,,,
RT,RR,k,121,,Kenyatta,Male,SM,,,,
RT,RR,k,121,,Magufuli,Female,AF,1,,,
RT,RR,k,121,,Mandela,Female,AF,0,,,
RT,RR,k,121,,Piere,Female,AF,1,,,
RT,RR,k,121,,Samora,Female,AF,0,,,
RT,RR,k,121,,Zuma,Male,SM,,,,